Conteúdo,Título do vídeo,Horário de publicação do vídeo,Visualizações,Tempo de exibição (horas),Inscritos,Receita estimada (BRL),Duração média da visualização,Impressões,Taxa de cliques de impressões (%)
Total,,,132064,2330.4173,330,62.966,0:01:03,3580454,1.78
52k2W4YTqsM,Rio Grande do Norte tem seis redações nota mil no Enem 2023,"Jan 16, 2024",22031,227.9824,28,17.507,0:00:37,978852,0.99
lsw6XtxNZRk,Sisu abre inscrições nesta segunda; universidades públicas do RN ofertam mais de 12 mil vagas,"Jan 22, 2024",11906,88.9981,25,,0:00:26,1015454,0.48
ViXvKjwHVwY,Cidade no interior do RN registra chuva de granizo,"Jan 30, 2024",9617,69.7671,15,,0:00:26,489,6.75
yZ00ZkG4cQU,Abatimento do boi no matadouro Potengy,"Sep 24, 2011",8905,199.6331,14,,0:01:20,8500,17.25
drADlID3ALI,Turista de Roraima que morreu ao cair de falésia em Pipa é identificada,"Jan 18, 2024",6553,89.7875,25,,0:00:49,95877,4.14
7HMoYhiCTmA,"[TV TRIBUNA] Espanta conta ""Cabaré da Leila""","Nov 24, 2016",5920,223.7509,35,14.93,0:02:16,22303,12.78
A_3IVNv9UNE,TN NO ENEM 2023 | Use sua nota do Enem para conseguir desconto no Grau,"Jan 12, 2024",5110,25.1921,12,,0:00:17,374165,0.7
foEmCH8ZksY,Resultado do Sisu 2024 já está disponível,"Jan 30, 2024",4563,37.631,8,,0:00:29,161601,1.88
asQj8MG7Z-0,Universidades públicas do RN oferecem mais de 12 mil vagas,"Jan 16, 2024",4090,36.2713,10,,0:00:31,199983,1.27
NCxsknCEx9o,Polícia Civil divulga imagens de triplo homicídio na zona Norte de Natal,"Jul 20, 2022",2222,40.7807,8,,0:01:06,36011,5.56
ZgHMGfMctVE,Presos protestaram contra castigo em Alcaçuz,"Sep 14, 2011",1986,40.7517,4,,0:01:13,11735,14.78
O6anu5FB5rM,TIRANDO A LIMPO 02 com Wendell Lagartixa,"Jun 5, 2023",1829,383.326,18,4.767,0:12:34,25436,5.29
d5lcSgNb2rw,Câmeras flagraram momento da explosão em residência nas Rocas; veja vídeo,"Apr 9, 2021",1684,20.2436,3,,0:00:43,9688,16.29
zzuCZhTtGU8,"Líder de facção matou prefeito de São José do Campestre, diz Polícia Civil","Dec 26, 2023",1650,41.4093,10,1.967,0:01:30,16915,7.54
Pdu9p8Gw4yM,Vereador de 60 anos é preso suspeito de estuprar uma adolescente no interior do RN,"Jan 11, 2024",1560,8.9273,2,0.007,0:00:20,3437,8.03
293WSJN547g,Lagartixa divulga áudios e rompe com Lagartão,"Feb 13, 2023",1552,115.1323,13,4.179,0:04:27,17614,7.18
oWwBN00irgM,Vídeo flagra capotamento em duna na Grande Natal; motorista não se feriu,"Sep 28, 2020",1243,15.6314,1,0.096,0:00:45,8558,10.98
w-N5BGJqwa0,[TV TRIBUNA] Operação do MP/RN e PF desarticula grupo de extermínio em Natal,"Dec 8, 2015",1228,22.5567,2,,0:01:06,11377,8.68
-2QTvSaafVw,"Explosão atinge Beirute, capital do Líbano","Aug 4, 2020",1153,5.6433,2,0.001,0:00:17,3983,7.28
BmWiHw94WxQ,Trecho de rodovia estadual ameaça desabar em Acari,"Jan 9, 2024",1137,6.6832,5,,0:00:21,392,3.06
Nl1G1dHl2Iw,Caern apura uso de carro oficial da companhia para dar 'cavalo de pau' em Natal,"Jan 10, 2024",1038,6.3172,0,,0:00:21,1703,1.53
KtlDJJnj-XY,TN NO ENEM 2023 | Assista dicas para fazer sua inscrição no Sisu,"Jan 24, 2024",863,11.0409,5,,0:00:46,126188,0.47
pSswkgeTEcw,Modificação em acesso ao Viaduto da Urbana é iniciada,"Jan 15, 2024",851,9.8027,0,0.341,0:00:41,4006,0.9
F-Pb0pNfwb8,Corpo de advogada será sepultado na tarde desta quarta feira (31),"Jan 31, 2024",849,11.3531,1,,0:00:48,5622,6.17
hxvEKTfgSuo,Roberto do Acordeon toca vira e mexe de Luiz Gonzaga,"Dec 13, 2012",793,12.8622,0,,0:00:58,4959,11.15
OAVyc1Okbuk,Gêmeos autistas fazem sucesso nas redes com mais de 700 mil seguidores,"Jul 1, 2023",775,27.2597,12,,0:02:06,5048,9.31
potInqRJjWY,Imagens mostram chegada de criminoso a residência de prefeito de São José do Campestre,"Apr 19, 2023",755,8.6828,3,0.934,0:00:41,6016,9.64
sbnznRM_cj8,Dia de Santos Reis é celebrado na capital,"Jan 5, 2024",721,14.3466,3,,0:01:11,5262,3.5
HrUCjV_ldrk,Polícia prende suspeito de roubar policial federal em Natal,"Jan 12, 2024",603,6.6676,0,0.404,0:00:39,1388,2.95
rYpiH4_6VCo,PM faz operação em Mãe Luíza com auxílio do Potiguar 1,"Mar 16, 2023",504,5.1933,1,0.645,0:00:37,4603,9.99
y4vgBQs0Fco,PM vai identificar e punir policiais envolvidos em agressão no Carnaval de Natal,"Feb 23, 2023",489,3.2663,0,0.008,0:00:24,2766,16.12
sDMaVfQm6hs,GOE realiza intervenção no Presídio Provisório Raimundo Nonato,"Jun 6, 2016",487,4.0441,0,0.797,0:00:29,3235,13.57
qf8W6FcD8E0,Câmera de segurança grava momento em que escrivão da Polícia Civil é morto em Mossoró,"Dec 21, 2019",485,5.0368,0,0.013,0:00:37,3744,11.81
I2PyBMh-aDY,Padre seridoense recebe críticas após vídeo com cigarro e bebidas,"Jul 6, 2022",463,5.1648,0,0.009,0:00:40,3330,11.89
dzmqQCQsJRA,INSIDE NEWS I Alceu Valença trouxe a energia com a sua música na penúltima noite do Natal em Natal,"Dec 30, 2023",460,3.4306,3,0.583,0:00:26,31301,1.04
Sk8dtBemqzI,[TV TRIBUNA] Presos divulgam vídeo e cobram saída de diretora de Alcaçuz,"Mar 17, 2015",427,7.2289,0,,0:01:00,2934,12.78
yuHHB-YbyZ4,Suspeito de envolvimento na morte do pastor é detido,"Nov 10, 2009",424,5.6446,2,,0:00:47,1175,17.45
VkC7-RyBK14,Januário de Oliveira comenta seus bordões,"Dec 29, 2011",410,18.7788,4,,0:02:44,3438,8.64
M0Qu1q1Et0E,"""Pouco a pouco a gente vai colocar nosso jeito de operar"", diz CEO da Zurich sobre Aeroporto","Jan 9, 2024",390,7.468,0,,0:01:08,2371,1.22
_kvCH1S8Iro,DNIT afirma que restrição na Ponte de Igapó foi iniciada e que condutores podem ser autuados,"Jan 8, 2024",386,6.5656,1,,0:01:01,857,1.75
7-E9t2Vny2I,TN NO ENEM 2023 | Entenda como funciona o PROUNI,"Jan 31, 2024",363,2.1904,,,0:00:21,38772,0.62
0_t3p-l-sX0,Suspeito de tentativa de sequestro de criança em Parnamirim é conduzido à delegacia; veja vídeo,"Feb 23, 2023",355,4.4122,1,0.008,0:00:44,3252,8.61
lySeg2xhMwM,Torcedores do ABC brigam entre si na Arena das Dunas; veja,"Jul 20, 2023",341,2.2187,0,,0:00:23,1677,11.21
3VWonfG3oKY,[TV TRIBUNA] PF desmantela grupo de extermínio do RN suspeito de 22 homicídios,"Aug 6, 2013",331,7.5344,1,,0:01:21,1644,13.02
Utm7sXjro5o,"DROPS TN - 2ª Ed. | Líder de facção matou prefeito de São José do Campestre, diz Polícia Civil","Dec 26, 2023",317,5.6066,4,0.252,0:01:03,3079,8.87
y8nkgbqwlbU,[TV TRIBUNA] Integrantes do PCC são identificados pelo MPRN,"Jun 16, 2017",316,7.4368,0,0.001,0:01:24,1808,15.93
Gish0UcvHLw,Lázaro Barbosa foi baleado em confronto e levado a hospital; veja vídeo,"Jun 28, 2021",304,5.5195,2,,0:01:05,2792,9.74
1MIn_8IwVVo,[TV TRIBUNA] Documentário Expedição Retratos da Seca,"Mar 20, 2013",302,18.0162,0,,0:03:34,3003,7.93
HLqwSxLqecw,Incêndio atinge estabelecimento comercial em Currais Novos; veja vídeo,"Jan 12, 2024",299,1.3511,0,0.112,0:00:16,712,2.67
QAUy7smRC7g,Vídeo mostra novo momento de confusão entre diretor de hospital e acompanhante de paciente em Natal,"May 8, 2022",299,5.3398,1,,0:01:04,1255,19.68
EZYKuVOrxCI,Entrevista com Delegado Maurílio Pinto,"Aug 6, 2011",296,14.9345,1,,0:03:01,3981,6.53
no-nlJPCS7s,Praça Augusto Severo está abandonada há 4 anos,"Jan 12, 2024",296,6.1248,0,,0:01:14,7047,0.91
4k5GHfjI5TA,Terceirizados da UFRN ocupam reitoria em protesto por atrasos em pagamento de salário,"Jan 15, 2024",269,2.9109,0,0.374,0:00:38,2917,1.44
shGBrcV1Ne8,Bandido derruba motociclista com 'voadora' durante assalto em Mossoró,"Mar 20, 2023",268,1.3597,0,,0:00:18,2690,8.66
rDgimNFKi9s,"Carnaval de Natal 2024 vai ter shows de Carlinhos Brown, Ricardo Chaves e Paralamas do Sucesso","Jan 11, 2024",253,3.7284,0,,0:00:53,8084,1.13
60MBr1-b7kw,Bolsonaro faz motociata em Natal-RN,"Sep 14, 2022",248,3.7107,1,0.513,0:00:53,1251,16.71
1d2W8CHB7jU,"Helicóptero com quatro passageiros cai em Capitólio, MG","Jan 2, 2024",240,1.2314,0,0.061,0:00:18,2289,2.05
7YNfN2l6A3U,Fiscalização de trânsito será reforçada após congestionamentos no Litoral Sul,"Jan 8, 2024",218,2.8593,1,0.369,0:00:47,3039,0.46
N6diHrM0BGg,Gabriel Veron disputa desafio de X2 no interior do RN e tem lesão muscular,"Jun 15, 2023",204,2.5034,0,,0:00:44,1331,12.47
UCn3Uj-bO9s,Natal começa vacinação de pessoas com Síndrome de Down e Transtorno do Espectro Autista,"Mar 30, 2021",202,2.8083,0,,0:00:50,1277,13.55
TZEVh4aM7vU,Suspeito de matar homem em festa de Currais Novos é morto em confronto com Polícia; veja,"Aug 4, 2023",196,2.5608,3,0.287,0:00:47,3016,5.44
p5Nipce45PM,Vídeo mostra precariedade das delegacias e Natal e Parnamirim,"Nov 11, 2009",192,6.8188,0,,0:02:07,1473,10.12
Gj8Op5LUVsg,Motorista colide com poste na Via Costeira; acidente não deixou vítimas,"Jan 2, 2024",186,2.06,0,,0:00:39,496,2.42
HT6MGZjr4z8,Carro explode em posto de gasolina na Grande Natal; veja vídeo,"Jul 13, 2023",182,2.4279,0,0.005,0:00:48,647,10.2
a0qpRw0tc4Q,"“É necessário união”, diz Marinho ao oficializar apoio à pré-candidatura de Paulinho Freire","Jan 23, 2024",177,4.1353,1,0.223,0:01:24,3645,2.44
v95yFGO0KuM,Dono de sucata é preso suspeito de receptação de fios de cobre furtados no interior do RN,"Jan 22, 2024",173,1.1056,0,0.076,0:00:23,1291,1.32
HuaMFIWiIqU,"Jonathan Fonseca: Com 13 anos, potiguar de 2,10m é convocado para Seleção de Basquete Sub-14","Jul 27, 2019",172,3.6084,0,0.269,0:01:15,1546,8.93
AlsKys-BIRk,ALUÍZIO CEM ANOS: o legado da esperança,"Aug 11, 2021",171,7.0247,2,0.269,0:02:27,1065,13.24
ePad8YfOoKY,#boraveranear2024 | EP 01 | Bora se movimentar! 🏃‍♀️🏄‍♀️,"Jan 23, 2024",169,5.105,2,,0:01:48,3650,1.18
mG9tjDzI8L4,[TV TRIBUNA] Veja como ficou João Câmara após ação de bandidos,"Apr 5, 2017",165,2.5633,0,0.208,0:00:55,1252,10.62
GnCmP9_1rw4,[TV TRIBUNA] Agentes do GPOC fazem revista na Cadeia Pública de Natal,"May 6, 2016",160,1.1955,0,0.144,0:00:26,1601,8.87
2DzV04AK4KY,Trecho da rua Jaguarari vira mão única a partir deste sábado,"Jan 18, 2024",157,2.2469,1,0.091,0:00:51,2374,1.01
EGAinO2OXcs,Operação de combate ao tráfico de drogas prende três traficantes em Tibau do Sul,"Jan 18, 2024",156,0.8999,0,0.015,0:00:20,2978,3.39
d7tnFTgKv8o,Policiais penais descobrem buraco no teto de cela em Alcaçuz e impedem fuga de presos,"Jan 10, 2024",155,2.1129,0,,0:00:49,2745,1.86
keq0KgQ1Rlw,Jandaíra comemora 60 anos de emancipação política,"Dec 28, 2023",141,2.4041,0,,0:01:01,1167,10.37
zg4Zr2gxsg4,[TV TRIBUNA] Presos confessam morte de Gizela Mousinho,"Jan 11, 2016",141,3.7158,3,0.149,0:01:34,538,22.12
IzMUUbhJgHA,Aluízio Alves - Documentário,"Aug 11, 2011",137,9.2034,0,,0:04:01,1112,9.8
R3xB8eJ__uk,[TV TRIBUNA]: Capitão da PM rebate críticas à metodologia utilizada em escola de Natal,"Apr 12, 2018",136,5.5834,0,0.386,0:02:27,717,10.18
WmKLDNlaDT0,Vídeo mostra projeto para nova Felizardo Moura; veja,"Sep 2, 2022",134,1.157,2,0.186,0:00:31,1125,7.82
TwVIaDCwOPY,Cadeia de Ceará-Mirim custará quase R$ 10 milhões a mais,"Jul 16, 2017",130,1.1287,1,0.613,0:00:31,1753,6.05
TYJ7GqGgcvo,[TV TRIBUNA] Polícia Civil realiza operação e prende quatro em Mossoró/RN,"Dec 5, 2013",129,1.0966,1,0,0:00:30,1607,6.72
0VDz0xDKvOY,Acendimento da árvore de natal de Mirassol,"Nov 19, 2021",125,4.0335,0,0.17,0:01:56,481,14.55
uFXjduxAGEw,[TV TRIBUNA] Aprenda a clássica receita seridoense Filhós de Mel,"Aug 29, 2016",125,2.4433,1,,0:01:10,401,15.96
Spzugguhdb4,Ivanildo Sax de Ouro,"Sep 2, 2011",123,2.5364,0,,0:01:14,1022,8.32
cN0bZZcLHwc,[TV TRIBUNA] Câmeras de segurança mostram colisão entre ônibus e trem,"Jul 10, 2013",121,1.4129,0,,0:00:42,1284,8.41
7vss0rMvKfM,Polícia desvenda morte de pastor,"Nov 6, 2009",120,1.3783,0,,0:00:41,240,22.5
PJrDgzrd9iI,[TV TRIBUNA] Costurando o desenvolvimento; reportagem especial sobre as facções de costura no RN,"Sep 12, 2013",120,2.7096,2,,0:01:21,606,14.85
Ebdm6C1Uip0,"Criminosos colocam fogo em dois ônibus na zona Leste de Natal, assista;","Feb 22, 2023",117,1.1782,1,0.073,0:00:36,691,13.75
oeShJjFwxEM,Polícia diz que pelo menos 4 pessoas estão envolvidas no assassinato da advogada no interior do RN,"Jan 31, 2024",117,2.3401,1,,0:01:12,649,3.85
gSOL_nJEyL4,[TV TRIBUNA] Xiquexique garante alimentação de rebanho durante a seca,"Mar 12, 2013",114,2.7225,0,,0:01:25,801,10.99
gmhFon8IKDk,Terceirizados da UFRN ocupam reitoria em protesto por atrasos em pagamento de salário; veja Drops,"Jan 15, 2024",111,1.8181,0,,0:00:58,2814,1.07
Cojaan78I8E,Comércio da Cidade Alta perde mais lojas,"Jan 19, 2024",109,2.1475,0,0.297,0:01:10,1654,1.63
d1U5XQ43ejw,Vídeo flagra momento em que carro perde controle na Via Costeira; ninguém se feriu,"Sep 16, 2020",109,1.1836,0,0.003,0:00:39,1022,8.9
KZFdNbWnNa4,BR-304 voltará a ter acesso direto ao aeroporto,"Jan 4, 2024",108,1.6431,-1,,0:00:54,1270,1.5
odnnL9l36lg,RN é o destino mais procurado por casais em lua de mel,"Jan 15, 2024",108,1.426,0,,0:00:47,7717,0.74
o6P4bA2StpQ,Haddad prega boicote a empresas por questões ideológicas,"Jan 19, 2023",106,1.0013,1,0.2,0:00:34,595,9.41
3eAjIEDz7tM,Fiscalização apreende28 motos no calçadãode Ponta Negra,"Jan 9, 2024",105,1.5864,1,,0:00:54,3776,0.87
jPvjNBiWy9I,Policiais penais promovem ato em frente à Governadoria para discutir demandas da categoria,"Jan 17, 2024",104,0.9708,0,0.163,0:00:33,1283,3.2
vIbCMaQIuEM,Condomínio em São José do Mipibu é alagado devido as fortes chuvas,"Nov 28, 2023",103,0.9151,0,0.12,0:00:31,1564,4.92
5aoduLhXMco,Coletiva do ex-policial João Grandão foi desmarcada.,"May 6, 2009",97,1.3578,0,,0:00:50,721,11.93
GY3dftXCsfM,[TV TRIBUNA] Homem é sugado por tubulação em Mãe Luiza,"Mar 21, 2015",97,1.6122,0,,0:00:59,942,8.49
f3oOVDtLhVU,ABC está pronto para primeira decisão da temporada 2024,"Jan 5, 2024",97,1.2054,0,0.09,0:00:44,10128,0.35
DSHf0O96vmU,DROPS TN | Mega da Virada terá maior prêmio da história; veja probabilidades de acerto,"Dec 28, 2023",94,1.1833,0,0.129,0:00:45,1854,2.75
1vgbhXJRV2Y,O Bora Veranear 2024 está chegando! 🏖️🥥,"Jan 16, 2024",91,1.0551,0,,0:00:41,1417,3.03
0GCHzCXI3kM,[TV TRIBUNA] Cintilografia cerebral: uma luz para a psiquiatria,"Mar 28, 2013",90,3.4823,0,,0:02:19,357,14.29
Y3fympRbWKk,DROPS TN | Governo do RN anuncia calendário de pagamentos de 2024 para o funcionalismo,"Dec 29, 2023",87,1.6315,2,0.403,0:01:07,257,10.51
Py-D-AvCaRk,"Em Natal, mulheres de presos entram em confronto com a polícia no Centro Administrativo","Mar 15, 2023",86,0.8081,0,0.007,0:00:33,1079,6.95
76mKFQme_rs,PM busca homem que matou mãe e feriu pai no interior do RN,"Dec 13, 2023",84,1.015,0,0.07,0:00:43,931,7.3
8RjPTHRE71Y,Exercícios para ajudar no parto humanizado,"Jan 4, 2013",84,1.0961,0,,0:00:46,1612,2.36
uQNucOxNegI,Integrantes de torcidas organizadas de ABC e América brigam em Natal,"Jan 22, 2020",81,0.7084,0,,0:00:31,331,15.41
Ypyc5Jr_cP0,"Moradores registram forte explosão em Beirute, capital do Líbano","Aug 4, 2020",79,0.1634,0,,0:00:07,943,4.03
HRywAZAV5Gg,Prefeitura veta projeto de lei que obriga entregas na portaria de condomínios em Natal,"Jan 19, 2024",77,1.3267,0,0.189,0:01:02,2118,1.13
dA0o5KUc7DE,Jornada Senac l Conheça os cursos de Tecnologia da Informação,"Sep 24, 2022",76,1.3076,0,0.502,0:01:01,588,11.22
5_UPUBL_QVs,Polícia Civil deflagra nova fase da Operação “Parabellum” em Macaíba;,"Jul 6, 2023",75,0.9032,0,,0:00:43,719,7.93
3n_DHI3YLTI,"Homem anda de jet ski em área alagada na avenida Ayrton Senna, em Natal","Jul 11, 2022",74,0.4427,0,,0:00:21,333,10.81
L_oP6TP5WIA,"Homem morre após despencar com quadriciclo no Chapadão, em Pipa","Nov 10, 2022",73,0.5679,0,,0:00:28,387,13.44
DTQlhyCwd0c,INSIDE NEWS I Carlinhos Brown encerra as festividades do Natal em Natal 2023,"Dec 31, 2023",71,1.5734,1,0.115,0:01:19,1581,1.52
w6Oxw5oagZI,TN no Enem 2022 | Como ingressar na UnP com a nota do ENEM,"Nov 25, 2022",70,1.3076,0,0.595,0:01:07,223,30.04
cVtZF8aX6Zc,[TV Tribuna] Polícia prende bandidos após assalto em Mossoró,"Oct 8, 2014",69,0.5855,2,,0:00:30,795,5.91
i2SaDoD5A38,Parto humanizado; veja vídeo,"Jan 4, 2013",68,0.2689,0,,0:00:14,1768,2.77
v1sDXTgA-eY,[TV TRIBUNA] Alcaçuz teve fuga de cinco presos e dezenas foram impedidos pela polícia,"Jan 21, 2016",68,0.5654,2,0,0:00:29,599,10.18
tX1W_rbqeRw,Terceirizados do Governo avaliam paralisação por atraso nos salários,"Jan 26, 2024",66,1.0525,0,,0:00:57,1780,0.84
tI8Bq24H1vo,Tentativa de assalto a carro-forte resulta na morte de refém e bandido,"Jul 14, 2017",65,1.1655,0,,0:01:04,1199,4.75
1uAAHtW_ZKY,[TV TRIBUNA] Policia Civil busca suspeitos de assaltos em Mãe Luíza,"Apr 24, 2015",63,0.9112,0,,0:00:52,629,8.43
88XIl-AFfqM,Delegado fala da prisão do pistoleiro pernambucano,"Jan 5, 2011",63,0.8775,0,,0:00:50,367,10.35
wEqx3IHRu7w,"#boraveranear2024 | EP 02 |  São Gonçalo do Amarante: Fé, memória e resistência","Jan 30, 2024",63,2.7227,1,0.293,0:02:35,852,2.23
BYtwxsIafWc,"[TV TRIBUNA] Sob aplausos, corpo de Wilma chega a velório","Jun 16, 2017",60,0.6154,0,0.003,0:00:36,403,14.14
6KSDtr3rAgo,[TV TRIBUNA]  Vídeo mostra perseguição da PM a bandidos na zona Oeste de Natal,"Jul 15, 2016",58,0.7577,0,,0:00:47,522,8.24
Dw9Q_2C16_8,Bloco Os Cão retorna nesta terça-feira de Carnaval,"Feb 21, 2023",58,0.5078,0,0.093,0:00:31,193,13.99
_1PilL9_Sl4,"Aeroporto: operação da Zurich deve reduzir custos para estacionamento e passagens, diz prefeito","Jan 10, 2024",57,0.7261,0,,0:00:45,3301,0.88
j3V7sb47XFM,Forte dos Reis Magos terá cobrança de entrada a partir de 16 de janeiro,"Jan 9, 2024",57,0.8887,0,,0:00:56,1246,1.04
5c9BTaKtfSo,RN: Chuvas em 2023 ficaram acima da média esperada,"Jan 8, 2024",55,0.7177,0,0.159,0:00:46,2110,0.62
dyjo-NIfhCQ,DROPS TN | Falta de energia atinge cinco bairros de Natal,"Jan 2, 2024",53,0.7317,0,,0:00:49,6297,0.43
hvzlWwTkuPk,Chegada dos agentes ao presídio Raimundo Nonato Fernandes,"Jul 24, 2012",52,0.4185,0,,0:00:28,284,10.21
O6GcRa23eng,[TV TRIBUNA] Bandidos se rendem e sequestro chega ao fim em Canguaretama,"Feb 2, 2015",51,0.9314,0,,0:01:05,646,6.19
XE39RqBixc8,RN lidera expansão de energias renováveis em 2023,"Jan 3, 2024",51,0.5581,0,0.126,0:00:39,1257,1.51
_jO34bmE6_Y,Assassinato em Felipe Camarão,"May 9, 2011",51,0.5071,1,,0:00:35,669,6.88
k9275zWdf18,[TV TRIBUNA] Aprenda a fazer uma tiara de borboletas para o carnaval,"Feb 17, 2017",51,1.2488,1,0.131,0:01:28,415,6.02
tkAnG-s3d_Y,"Usando facão e revólver, bandidos assaltam mercadinho em Currais Novos; veja","Nov 12, 2023",51,0.777,0,,0:00:54,257,11.28
D1CmCc6Ah1I,DROPS TN - 2ª Ed. I Cidades do RN continuam em alerta para chuvas e ventos intensos,"Jan 2, 2024",50,0.6773,0,0.109,0:00:48,4370,0.46
PW4J0HbfNrs,MLB: invasão foi motivada porque Governo não concluiu casas,"Jan 29, 2024",50,0.7814,0,,0:00:56,4141,0.92
cRa9MuZ_CKk,FNF encaminha suspeita de manipulação em jogos do Campeonato Potiguar ao MP,"Jan 24, 2024",50,0.7379,0,,0:00:53,2038,1.28
fGA9vbOgHG0,"Maior barragem do RN, Armando Ribeiro Gonçalves sangra nesta sexta-feira","Apr 29, 2011",50,0.2892,0,,0:00:20,188,6.91
jUGSdaorr0I,Alberi - o primeiro e único; a história do 'Bola de Prata' potiguar,"Aug 27, 2022",50,2.0144,0,0.055,0:02:25,338,11.24
21Go9G01-EY,"Helicópteros da PRF, Ceará e Paraíba começam a atuar na segurança do RN","Mar 19, 2023",49,0.5227,0,,0:00:38,581,6.88
ORaYhYwAZms,Presos em operação no RN são transferidos para presídio,"Mar 17, 2023",49,0.4114,0,0.021,0:00:30,548,8.39
M-AAWji68oE,"De acordo com o Detran, 604 mil veículos não estão licenciados no RN","Jan 17, 2024",48,0.4805,0,,0:00:36,1252,1.36
bTdhAkMfCnE,Presença de ratos aumento em Ponta Negra; vídeo,"Mar 26, 2019",48,0.2812,0,,0:00:21,148,26.35
vQcjNUhOOlc,[TV TRIBUNA] Fátima Bezerra toma posse como Governadora,"Jan 1, 2019",47,1.054,0,0.082,0:01:20,257,12.84
8XWXftor6CY,Zurich assume gestão do aeroporto de Natal dia 19 de fevereiro,"Jan 25, 2024",46,0.6544,0,0.035,0:00:51,517,1.16
9U2z4CVo0zI,Veículos invadem duna em área proibida na Grande Natal;  atividade é crime ambiental,"Jan 15, 2024",46,0.4879,1,0.023,0:00:38,801,1.5
Gbchr850zgA,Carro que utilizava botijão de gás de cozinha explode em Natal; veja,"Jul 12, 2020",45,0.1898,0,,0:00:15,553,6.51
Hq_bvFl4Xs0,Secretaria de Saúde emite alerta para risco de aumento de casos de dengue no RN,"Jan 11, 2024",45,0.3858,0,0.1,0:00:30,1895,1.27
c7m0rjNb3k0,TV TRIBUNA] Suspeito detalha morte de advogado Antônio Carlos,"Jun 6, 2013",45,1.5084,0,,0:02:00,876,4.22
oK1RsvXiCyc,[TV TRIBUNA] Polícia Civil deflagra operação de combate ao tráfico de drogas no interior do RN,"Feb 27, 2014",45,0.5551,0,,0:00:44,668,5.54
zq6NRlZ1wvc,TIRANDO A LIMPO | EP 18: Entrevista com Henrique Alves,"Oct 10, 2023",45,10.6722,1,0.227,0:14:13,564,5.14
NETCtgqx0w0,Internauta pernambucano filma avião da Noar minutos após acidente; veja vídeo,"Jul 13, 2011",44,0.3034,0,,0:00:24,156,23.08
oJuiV_VJVl0,[TV TRIBUNA] Mecânico cria cópia do Lamborghini Aventador,"Apr 16, 2018",44,0.6245,1,,0:00:51,419,6.92
RwBE-2KT4BA,Alcaçuz: veja o que mudou 4 anos após a maior rebelião no RN,"Jan 14, 2021",43,1.1157,1,0.033,0:01:33,391,7.93
Yta-bkXmDp0,[TV TRIBUNA] Eleições 2014: Henrique agradece pelos votos,"Oct 26, 2014",43,0.6713,0,,0:00:56,168,24.4
lbF-F-nlMws,"Natal é a 2ª capital do Brasil que mais cresceu em investimentos, diz Tesouro Nacional","Jan 12, 2024",43,0.5622,-1,,0:00:47,3253,0.77
MOB-vRms4X0,"Cenas da gravação da novela ""Flor do Caribe""","Dec 11, 2012",42,0.5247,0,,0:00:44,357,9.52
NzKfBOHr5A8,Trem e automóvel colidem na Zona Norte de Natal,"Sep 14, 2021",42,0.4416,0,,0:00:37,336,9.23
RgihzIYFa44,"PM dá voz de prisão a homem, amigos tentam impedir e confusão se inicia em bar","Dec 17, 2021",42,0.6871,0,0.006,0:00:58,459,7.84
cgUbwkc-n6o,Ferreira Costa apresenta nova loja em Natal,"Dec 15, 2021",42,0.4326,2,0.039,0:00:37,256,6.25
qHGPirwaZh0,Gols Santa Cruz X ABC,"Mar 21, 2011",41,0.4101,0,,0:00:36,161,20.5
 -fele9gnvR8,ABC x América: segundo gol do ABC provoca tumulto entre os jogadores,"Nov 24, 2012",40,0.6551,0,,0:00:58,360,10
3ooscjuNV-U,[TV TRIBUNA] Vídeo mostra acidente na BR-406,"Oct 13, 2016",40,0.3117,0,0.001,0:00:28,364,9.89
PS399LHfPfc,Inscrições para concurso da Caern se encerram na segunda (8); ganhos de até R$ 8.7 mil,"Jan 3, 2024",40,0.5278,1,0.083,0:00:47,445,1.57
__vdoKbhipM,Cativeiro de Popó Porcino,"Jul 25, 2012",40,0.3327,0,,0:00:29,94,25.53
saWGT5YPHZ8,[TV TRIBUNA] Baleias encalham em Areia Branca,"Sep 23, 2013",40,0.436,0,,0:00:39,136,17.65
CPOyMcigFBc,[TV TRIBUNA]: Câmera de segurança registra rompimento de barragem em Brumadinho,"Feb 1, 2019",39,0.3854,0,0.002,0:00:35,333,9.31
N1a5WHx1T54,[TV TRIBUNA] Homenagem a Aluízio Alves,"May 5, 2016",39,0.2096,1,0.014,0:00:19,391,8.7
gf_2-o2szVU,Sistema Tribuna de Comunicação comemora 73 anos; assista vídeo,"Mar 29, 2023",39,0.2411,0,,0:00:22,363,3.86
h-Fs1VW5VXY,Corpo de Wilma de Faria segue em cortejo fúnebre para o cemitério Morada da Paz,"Jun 16, 2017",39,0.2395,0,0.013,0:00:22,399,8.52
hgU01SOPvdw,Pedra do Sino -  Currais Novos RN,"Jun 30, 2019",39,1.0564,0,0.151,0:01:37,133,9.02
lXwEea6HzYM,Meu App Natalcard,"Oct 6, 2022",39,0.2072,0,0.602,0:00:19,163,19.02
PmgPRRC6D4w,"Entrevista com Lailson Lopes, acusado de ser o mandante da morte do radialista F.Gomes","May 11, 2011",38,1.1279,1,,0:01:46,163,18.4
Rv_21j1vKgM,[TV TRIBUNA] Mitos e verdades sobre a batata-doce,"Jul 6, 2014",38,1.1136,1,,0:01:45,63,12.7
nuOE4dSb5Nw,Professor dá dicas para aumentar chances de ganhar Mega da Virada,"Dec 30, 2022",38,1.556,1,0.063,0:02:27,375,4.53
XOBIdLiWCvY,[TV TRIBUNA] Veja o processo de esterilização e envasamento do garrafão de água mineral,"May 7, 2017",37,0.7808,0,0.043,0:01:15,196,4.08
_nTgE6m5PYM,Um papo com Cremosinho: assista entrevista com humorista caicoense,"May 15, 2022",37,0.8926,0,,0:01:26,14,7.14
K5SIRILMDqo,VIHDA - Histórias reais do HIV/Aids,"Nov 29, 2011",36,3.3899,0,,0:05:38,633,5.21
YSKotSntxv4,[TV TRIBUNA] Dona Maria e a ineficiência do transporte público em Natal,"Aug 14, 2015",36,0.2671,0,0.018,0:00:26,279,12.19
iEVA0FN2TeI,Francisca da Silva fala do assassinato em Montanhas,"Oct 12, 2010",36,0.4079,0,,0:00:40,276,10.51
p5XTR6Nsdl4,Um toque de mágica: conheça o mágico que impressiona ao redor do mundo,"Aug 21, 2022",36,1.2173,1,0.12,0:02:01,267,9.36
pkGagYYHDUw,[TV TRIBUNA] Tribuna do Norte: A notícia em sua mão,"Nov 13, 2015",36,0.2665,0,,0:00:26,370,8.38
wo6AJtFF4sY,[TV TRIBUNA] Auditor é preso por fazer imagens íntimas de clientes em supermercado,"Sep 29, 2014",36,0.2516,0,,0:00:25,375,9.07
qNb4lpm3tok,Bandidos explodem cofre de posto de combustíveis e fogem com dinheiro em Natal,"Mar 8, 2022",35,0.3595,0,,0:00:36,359,8.64
rWkKmnyL4DA,Ônibus é incendiado no Conjunto Leningrado; veja vídeo,"Mar 15, 2023",35,0.2414,0,0.019,0:00:24,388,7.22
42jxynmhF1k,Policiais penais promovem ato em frente à Governadoria para cobrar aumento de efetivo e valorização,"Jan 17, 2024",34,0.3828,0,0.042,0:00:40,1763,0.4
PQecEAXAR6k,A principal diferença entre curso técnico e a graduação,"Jan 23, 2024",34,0.2615,0,0.163,0:00:27,1723,0.87
PombUYyEv4g,Documentário Aluízio Alves - Tribuna do Norte,"Aug 11, 2011",34,2.278,0,,0:04:01,388,7.47
61SM5ONVzX0,Polícia prende João da Besta em SP,"Aug 25, 2010",33,0.8462,0,,0:01:32,221,11.76
A6aZAtC70zg,Parrachos de Pirangi tiveram aglomeração em festa na noite de quinta-feira (28),"Jan 29, 2021",33,0.4852,0,0.001,0:00:52,101,22.77
Nt0nxuOWRUE,Zurich tem 15 dias para pagar R$ 320 milhões à Inframérica e iniciar transição,"Jan 5, 2024",33,0.4854,0,0.087,0:00:52,4535,0.35
oW6tFdlFrkY,Polícia prende casal por tráfico de drogas em Ponta Negra,"Jan 24, 2024",33,0.3541,0,0.114,0:00:38,1260,1.59
2gyFugJaj_0,Catedral Metropolitana de Natal toca os sinos em homenagem às vítimas da covid-19,"Jun 19, 2021",32,0.1771,0,0.013,0:00:19,218,12.39
pUyUzJEUwQU,2 de fevereiro é dia de Iemanjá,"Feb 3, 2023",32,0.5897,0,,0:01:06,44,0
vQvmw2gWfvs,[TV TRIBUNA] CBTU apresenta projeto de expansão do VLT,"Dec 19, 2013",31,0.6422,0,,0:01:14,415,5.54
3ry7vqrIp8s,"Deputado pró Bolsonaro, Sargento Fahur dispara xingamento contra Flávio Dino; veja vídeo","Feb 10, 2023",30,0.5135,0,,0:01:01,693,3.03
81olASke6Lg,[TV TRIBUNA] Alcaçuz; dois meses depois da barbárie,"Mar 12, 2017",30,0.8986,1,,0:01:47,295,7.8
EY9XrFRN9yI,Fernanda Venturini tenta se retratar após vídeo polêmico sobre vacina,"Jun 28, 2021",30,0.4462,0,0,0:00:53,134,6.72
K-0ein6Xz-M,"DROPS TN NOTÍCIAS | Embriagado, motorista de aplicativo é preso ao transportar passageiros em Natal","Nov 14, 2023",30,0.3563,0,,0:00:42,21,0
KiUxGXnHU9U,Tirando a Limpo com Rubens Lemos e o marqueteiro Alexandre Macedo,"May 23, 2023",30,15.173,2,0.347,0:30:20,290,5.86
lxU-_FVGklU,Júnior Bass Groovador: o músico potiguar que conquistou o ator Jack Black,"Sep 29, 2019",30,0.8016,0,0.04,0:01:36,240,3.33
u41Qms4oNcY,Homem relata vício em jogos de azar,"Sep 28, 2011",30,0.158,0,,0:00:18,379,7.39
XxzrFZ8dReY,População presta homenagem à ex-governadora Wilma de Faria,"Jun 16, 2017",29,0.2227,0,0.006,0:00:27,236,11.86
KBd0_dUG8Lg,VLT: Aumento de viagens beneficia moradores,"Jan 21, 2023",28,1.3605,0,0.007,0:02:54,242,11.16
TyuamiWiTwE,Coletiva com a Prefeita Micarla de Sousa  -  Parte 1,"Jun 14, 2011",28,0.6088,0,,0:01:18,230,11.3
sM8abi_hwRo,TV Tribuna: Detentos fazem motim em presídio de Caicó; veja,"Aug 25, 2015",28,0.1646,0,0,0:00:21,205,12.2
AtKNf0wP-No,"Preço da gasolina em Natal chega a R$ 5,74; saiba como encontrar postos baratos","Jan 23, 2024",27,0.3932,0,0.021,0:00:52,1502,0.4
ZJxfdxzN7Gk,Jorge Abafador é absolvido; veja entrevista,"Mar 13, 2012",27,0.838,0,,0:01:51,59,20.34
pjAhFFiaI-E,[TV TRIBUNA] Cadeia Pública de Natal está com 188% de superlotação,"Feb 12, 2017",27,0.2023,0,0.037,0:00:26,288,8.68
vXTDrZ0gQGg,Potiguar 01 resgata vítimas de enxurrada em São José do Mipibu,"Nov 29, 2023",27,0.3085,0,0.001,0:00:41,297,5.39
0idUjvAdkns,Carreata de Rosalba Ciarlini,"Jan 1, 2011",26,0.3694,0,,0:00:51,237,8.44
9SaFlPsQXTo,Amanda Gurgel na campanha eleitoral e a pergunta ainda sem resposta,"Aug 30, 2014",26,0.7052,0,,0:01:37,246,8.94
ID-g0dbTSVo,Lagoa De Guaraíras é o paraíso escondido em Pipa | #BoraVeranear 2020 - Ep 1,"Jan 9, 2020",26,1.128,0,,0:02:36,65,15.38
QjqH1oVj2n4,Acidente na Avenida Deodoro da Fonseca,"Feb 17, 2022",26,0.1774,0,,0:00:24,236,8.05
rwTzwZD2Khs,STTU promove mudanças viárias para realização de obras a partir desta segunda,"Jan 29, 2024",26,0.4636,0,,0:01:04,236,1.69
HuMpSlBq3ow,"Soldado geraldo ferreira, ameaçado de morte em mãe luiza..mp4","Dec 15, 2010",25,0.5376,0,,0:01:17,79,6.33
V6UK-xor_qc,"[TV TRIBUNA]  Juiz do CNJ avalia Complexo João Chaves como ""muito ruim""","Apr 8, 2013",25,0.3407,0,,0:00:49,224,9.82
nAMRmxVqR7I,Primeiro residencial resort da Lagoa do Bonfim é entregue,"Aug 28, 2021",25,0.5693,1,0.078,0:01:21,157,9.55
nB6ZBzoV3bc,"Após 16 anos embargado e sem perspectivas, veja a situação de hotel abandonado em Natal","Oct 8, 2021",25,0.3503,0,0.001,0:00:50,97,15.46
sbZxbamt8T8,Policiais tentam intervir na rebelião em Alcaçuz,"Nov 7, 2015",25,0.2692,0,,0:00:38,206,10.19
He7-yO7_fl8,Homem reage à abordagem e entra em confronto com criminosos na zona Sul de Natal,"Feb 9, 2023",24,0.3892,0,,0:00:58,231,9.52
SanVrrxa-3A,25.11.2009 - PF - Crack - Pta. Negra.wmv,"Nov 26, 2009",24,0.3446,0,,0:00:51,211,9
SfWW80klGn8,Januário de Oliveira comenta sobre os falsos craques,"Dec 29, 2011",24,0.5109,0,,0:01:16,202,3.96
Zp7meNC1rCc,Homem de 28 anos é preso suspeito de roubo de veículos em Natal,"Dec 19, 2023",24,0.3729,0,0.002,0:00:55,224,4.02
cALVgMo8vis,Duas mulheres participam de arrastão em ônibus na Grande Natal; vídeo,"Mar 26, 2019",24,0.3065,0,,0:00:45,275,6.18
eWeVsXeBOMI,Construção do Ramal Apodi,"Dec 23, 2020",24,0.4525,0,,0:01:07,288,6.6
rOYisGf3esU,"Mossoró segue com inscrições abertas para concurso na área da saúde; salário de até R$ 4,2 mil","Jan 22, 2024",24,0.2373,0,,0:00:35,1019,0.98
rPX5GL8So9k,Lances que geraram escanteios em Força e Luz x Assu geraram suspeitas,"May 24, 2021",24,0.2415,0,0.018,0:00:36,27,7.41
thKxm4pHrIQ,Natal amanhece com operação da PF de combate ao tráfico de drogas interestadual,"Apr 19, 2022",24,0.2658,0,0.039,0:00:39,387,4.65
u0pJ_OrJuB8,[TV TRIBUNA] Potiguar é campeão estadual; veja gols,"May 20, 2013",24,0.5244,0,,0:01:18,202,10.4
FHjtreJKFpk,Empresa entra com pedido de reintegração de posse contra MLB,"Jan 30, 2024",23,0.4104,0,,0:01:04,240,1.25
XOn5LXXr_bQ,TIRANDO A LIMPO | EP 05:  Entrevista com Henrique Baltazar,"Jul 11, 2023",23,5.4921,0,0.066,0:14:19,205,3.41
h6CDdywdKTA,Chuvas alagam Ponte do Vigário e deixam moradores ilhados em Macaíba,"Nov 29, 2023",23,0.1635,0,0.007,0:00:25,56,16.07
sS7IQfI_ooY,Espetáculo 'Tom na Fazenda' chega a Natal; veja vídeo,"Apr 19, 2023",23,0.5518,0,,0:01:26,524,3.44
vBcLRyUZHzU,[TV Tribuna] Catadores de lixo se arriscam na Estação de Transbordo de Cidade Nova,"Jul 3, 2017",23,0.1324,0,0.022,0:00:20,320,3.75
xcf3Ao1iMqM,Cartão Vale-Transporte,"Dec 4, 2020",23,0.1428,0,0.083,0:00:22,244,8.2
7iQtmX_ujaQ,Caso Kauet: delegados detalham operação que prendeu três suspeitos do crime,"Nov 24, 2023",22,1.1322,0,0.063,0:03:05,133,3.76
GX-VPScBpSk,"Assista ao documentário ""Ao seu tempo"" sobre ansiedade e suas complicações - completo","Jan 25, 2013",22,2.2861,0,,0:06:14,58,13.79
RQUxheMX4gc,Enterro de Maisla Mariana,"May 15, 2009",22,0.3579,0,,0:00:58,70,27.14
V3-LXvR4LEw,"Desigualdade entre municípios do RN pode cair até 73,5 vezes após reforma tributária","Jan 23, 2024",22,0.292,0,,0:00:47,1167,0.77
CaNylAVTEJk,Boi Calemba Pintadinho de São Gonçalo do Amarante 1,"May 31, 2011",21,0.2997,0,,0:00:51,82,12.2
JkfLdT5jUkk,Veja a movimentação do comércio no bairro alecrim após mais um dia de ataques na cidade de Natal,"Mar 16, 2023",21,0.1338,0,0.044,0:00:22,268,4.48
TOz6QamD42Y,[TV TRIBUNA] Alcaçuz: Um ano após os massacre,"Jan 15, 2018",21,0.2906,0,0.033,0:00:49,396,4.8
U97b8mIj46E,INSIDE NEWS l Banda Grafith e Diogo Nogueira levaram animação para mais uma noite do Natal em Natal,"Dec 29, 2023",21,0.3737,0,0.031,0:01:04,1357,0.59
V16GhHy0ccA,Wilma de Faria na votação,"Oct 3, 2010",21,0.2194,1,,0:00:37,210,9.05
cPurh7L4Z4M,"Alvymar Farias interpreta a canção ""Meu pé de serra""","Dec 13, 2012",21,0.4183,0,,0:01:11,169,7.1
hzb-8-vpQ7U,Navio russo desencalha e segue para Porto de Natal,"Nov 10, 2023",21,0.2222,0,0.024,0:00:38,133,8.27
3A2N20OL1xU,[TV TRIBUNA] Guindaste é utilizado para desvirar ônibus tombado após acidente com trem,"Jul 10, 2013",20,0.1409,0,,0:00:25,141,12.77
4QGqSPsMOQo,Barão apresenta roteiro dos engenhos de Ceará-Mirim,"Sep 14, 2012",20,0.5403,0,,0:01:37,155,7.74
JhSRY0cao10,[TV TRIBUNA] Incêndio assusta população de Jardim do Seridó,"Jan 19, 2015",20,0.0954,1,,0:00:17,95,15.79
V3VjougMwm0,[TV TRIBUNA] Vídeo mostra ação da PF durante Operação Hecatombe,"Aug 6, 2013",20,0.3001,0,,0:00:54,192,9.9
ebITR0VyuCY,"[TV TRIBUNA] José Lira, 50 anos de informações","Mar 1, 2013",20,0.9251,0,,0:02:46,137,8.76
opSdT9EZKVs,Suspeito confessa assassinato de William Estevam Soares da Silva,"Jun 21, 2016",20,0.2686,0,,0:00:48,234,5.98
1A4xvq7bCUg,Pedreiro confessa ter matado mãe e filha em Nova Parnamirim,"May 16, 2012",19,0.7678,0,,0:02:25,309,5.83
2Akd0nxTpcA,[TV TRIBUNA] Robinson se considera vitorioso,"Oct 6, 2014",19,0.1879,0,,0:00:35,105,17.14
6hr_ACh4hjs,Moradores registram ataque em São José de Mipibu,"Mar 8, 2019",19,0.1983,0,,0:00:37,263,4.94
CvgQWYNgPTY,Manifestantes fecham trecho da BR 101 em protesto contra aumento de tarifa de ônibus,"Nov 17, 2023",19,0.1814,0,0.061,0:00:34,121,1.65
DRefouAq9yY,Bandidos fazem novos ataques na Grande Natal,"Mar 14, 2023",19,0.0957,0,0.003,0:00:18,239,6.69
EphajzhGDz4,José Agripino está confiante na vitória,"Oct 3, 2010",19,0.2466,0,,0:00:46,94,20.21
SN4I7vDE1Us,[TV TRIBUNA] câmeras flagram roubo de viatura da PM em Pedra Preta (RN),"Dec 3, 2015",19,0.6206,0,,0:01:57,121,11.57
bja1gusxLZc,Está chegando o 'Bora Veranear 2023' com Anna Alyne Cunha,"Jan 5, 2023",19,0.1271,0,0.031,0:00:24,155,7.74
d2b88ikJQSI,Detentos fogem do presídio Raimundo Nonato; veja imagens do túnel,"Oct 9, 2012",19,0.1743,0,,0:00:33,174,9.2
k5SxlTjsp_c,Dominguinhos visita o Museu do Vaqueiro,"Nov 18, 2012",19,0.4587,0,,0:01:26,68,11.76
kFDoS0AsNAg,Criminosos continuam os ataques aos ônibus em Natal; veja,"Mar 14, 2023",19,0.1632,0,,0:00:30,308,4.87
qVNOfTlsXgQ,A importância da mão de obra qualificada para o mercado,"Jan 18, 2024",19,0.1842,0,,0:00:34,971,0.41
qWrVwjOMhlo,Obras para demolição do Machadão completam uma semana,"Oct 28, 2011",19,0.09,1,,0:00:17,39,30.77
rObpn1byKx0,Bares e restaurantes do RN aumentam faturamento com espaços kids,"Mar 11, 2023",19,0.5296,0,0.009,0:01:40,7,0
tWL4crwZlTA,Wilma de Faria,"Apr 1, 2010",19,0.3161,0,,0:00:59,163,10.43
wS74xXhCzU4,Boi Calemba Pintadinho de São Gonçalo do Amarante 2,"May 31, 2011",19,0.2509,1,,0:00:47,61,16.39
AkEB1AIbj7w,José Agripino fala do posicionamento do Presidente Lula nas eleições 2010,"Oct 4, 2010",18,0.3052,0,,0:01:01,74,21.62
BOWLj4DAo7g,Obras na Ponte de Igapó seguem provocando transtornos no trânsito da capital,"Nov 1, 2023",18,0.1011,1,0.05,0:00:20,29,10.34
Cw1Omm_lC5w,Água de lagoa em Parnamirim muda de cor e fica verde; veja vídeo,"Feb 8, 2023",18,0.1821,0,0.03,0:00:36,112,5.36
Kj9hWjh0uJQ,Lagoas do Litoral Sul do Rio Grande do Norte,"Feb 15, 2019",18,0.9195,0,,0:03:03,82,10.98
M_D5du0tV5k,"Homem salva cliente com ""manobra de Heimlich"" em São Paulo","Dec 1, 2021",18,0.3995,0,,0:01:19,57,19.3
SPAqj3mgzEE,Candidato a prefeito de cidade do interior do RN é indiciado por forjar sequestro,"Oct 19, 2020",18,0.2047,0,,0:00:40,214,5.61
Y7998Fx6lIM,Solicitação de vagas no ensino médio integral no RN se encerra em 15 de janeiro,"Jan 4, 2024",18,0.1336,0,0.188,0:00:26,1492,0.34
g5eLPtxW9NQ,DROPS TN - 2ª Ed. | RN permanece em alerta para chuvas e ventos intensos,"Dec 19, 2023",18,0.0911,0,0.039,0:00:18,38,5.26
kwnk4NjQLxA,Vendas de água mineral têm alta de 18% durante o verão,"Jan 25, 2024",18,0.2863,0,,0:00:57,972,1.23
mzlDJG3Z_q0,Pacientes de Manaus transferidos para tratamento de covid-19 em Natal recebem alta,"Jan 27, 2021",18,0.148,0,0,0:00:29,68,5.88
q4EtLi3L9BE,[TV TRIBUNA] Rei Momo e Rainha convidam para abertura do Carnaval 2017,"Feb 23, 2017",18,0.1421,0,0.041,0:00:28,160,8.13
VsE9ti1-Zpw,Polícia prende acusado de homicídio,"Mar 28, 2012",17,0.2328,0,,0:00:49,115,13.04
jeM7zvlPBlI,Previsões: O que as Cartas e os Búzios revelam para o ano novo,"Dec 31, 2022",17,0.4086,0,,0:01:26,6,0
jkvvWWCYdp8,Dois criminosos tentam assaltar lotérica em Natal e não conseguem; ninguém ficou ferido,"Oct 27, 2023",17,0.3081,0,,0:01:05,67,5.97
q75VDHft1PE,Delegado detalha que jovem potiguar foi extorquido em R$ 85 mil antes de morte no Paraná,"Aug 8, 2023",17,0.4289,0,0.031,0:01:30,163,8.59
0owdwbJYkog,A descoberta de São Miguel do Gostoso: A cidade que mais cresceu no RN,"Sep 10, 2019",16,0.8276,0,0.054,0:03:06,73,5.48
5j1KoqAz1KQ,Dia de Iemanjá tem homenagens de fiéis para orixá em Natal,"Feb 2, 2022",16,0.1526,0,0.071,0:00:34,97,15.46
CajcCv_EC9E,"Em Barra do Cunhaú, pescadores salvam macaco de afogamento","Jun 4, 2019",16,0.1768,0,0.007,0:00:39,84,19.05
E2_Q45NxyUY,Natal: Comércio da Cidade Alta resiste e atrai empreendimentos,"Apr 21, 2019",16,0.502,0,0.137,0:01:52,111,2.7
NVWqwWGp9_4,Ex-vereador invade plenário da Câmara em Natal,"Oct 19, 2021",16,0.4153,0,0.017,0:01:33,153,9.15
SeRasQ_Kuho,Marcos Lopes comenta sobre desempenho do América e ABC.wmv,"Jan 25, 2010",16,0.145,0,,0:00:32,89,17.98
VBbtulJc9xk,"Operação desarticula ""A Firma"" do tráfico no Paço da Pátria","Sep 2, 2021",16,0.2354,0,0.033,0:00:52,181,7.18
Xbil8zz9tSw,Cliente e funcionário brigam em Shopping de Natal,"Sep 25, 2023",16,0.0791,0,,0:00:17,85,4.71
_3HUeuqt090,Motorista de BMW faz manobra perigosa em avenida de Natal; PM vê 4 crimes,"Aug 24, 2022",16,0.1255,0,0.015,0:00:28,140,8.57
bx-P24t2a30,Câmeras mostram tentativa de resgate de presos no CDP da Ribeira,,16,0.4756,0,,0:01:47,0,
cqAp4EgX52w,"INSIDE NEWS l Alexandre Pires, Circuito Musical e Valéria Oliveira agitam o 2º dia do Natal em Natal","Dec 23, 2023",16,0.229,0,,0:00:51,158,6.96
emXy8_VyTo0,Reforma Aeroporto Augusto Severo,"Feb 3, 2011",16,0.155,0,,0:00:34,78,14.1
yrruEGLRo6M,[TV TRIBUNA] Robinson Faria assume Governo do RN,"Jan 2, 2015",16,0.2822,0,,0:01:03,212,5.66
zhI4HwPngks,Fé e exorcismo; veja reportagem especial,"Jul 10, 2012",16,0.6216,0,,0:02:19,58,5.17
49QTE0ac7NM,Bairro do Alecrim completa 110 anos de história,"Oct 23, 2021",15,0.4784,1,0.025,0:01:54,186,5.91
4kLroxPI5kU,Cordas do Coração: histórias de famílias que buscam parentes desaparecidos,"Aug 19, 2023",15,1.0473,0,,0:04:11,169,6.51
B-SZpfQp7wg,Polícia procura suspeito de estuprar criança de 10 anos em shopping de Natal,"Jul 28, 2022",15,0.0785,0,,0:00:18,142,7.75
DvlLeoeO6K0,[TV Tribuna] ABC vence o Força e Luz na estreia,"Feb 5, 2015",15,0.0847,0,0.002,0:00:20,272,4.41
N7TrhycaYGw,Combate à dengue: profissional explica funcionamento das ovitrampas,"Jun 12, 2022",15,0.1754,0,0.172,0:00:42,89,15.73
NhJa3ocYsf0,Senhora de 64 anos fala sobre redescoberta do sexo,"Mar 9, 2012",15,0.1769,0,,0:00:42,89,4.49
OpkClnFiIqQ,[Drops TN Noticias] - Pasta com supostos documentos de Neném Borges é encontrada em rua de Natal,"Apr 28, 2023",15,0.1205,0,0.007,0:00:28,373,2.14
acfjF58wut0,Policiais civis recuperam cães de raça roubados de pet shop em Natal,"Feb 28, 2023",15,0.0652,0,,0:00:15,172,4.65
ad5Dtfi5iuA,DROPS TN NOTÍCIAS | Shopping Via Direta vai a leilão por dívidas com União,"Dec 13, 2023",15,0.2669,0,0.029,0:01:04,40,5
hJJDK0iBUPU,Felizardo Moura tem fluxo lento no primeiro dia de obras; vídeo,"Sep 19, 2022",15,0.0729,0,,0:00:17,70,17.14
m6tNyN-_LYE,Os frutos da terra seca - Agrícola Famosa: Novas áreas garantem ritmo de expansão,"Dec 30, 2016",15,0.1763,0,0.014,0:00:42,98,8.16
pk-8N7VR5iE,Camarão no vapor.mp4,"Aug 13, 2010",15,0.2875,0,,0:01:08,63,9.52
sDawm2oxGgE,O fim melancólico de uma prefeita chamada Micarla,"Oct 31, 2012",15,0.6044,0,,0:02:25,193,7.25
wm-M-lJpM30,[TV TRIBUNA] Lembranças do Machadão; assista,"Jan 26, 2014",15,0.3559,0,0,0:01:25,60,13.33
yE0mQ3xT4EM,[TV TRIBUNA] Marcos Lopes está de volta à Rádio Globo,"May 22, 2013",15,1.0175,0,,0:04:04,118,8.47
BkDnfg5qY-g,PRF dispersa manifestantes e libera BR-101,"Nov 1, 2022",14,0.2014,0,,0:00:51,73,17.81
HOqGN4nrQp8,[TV TRIBUNA] América vence o Globo FC no Arena das Dunas,"Mar 23, 2014",14,0.1455,0,0.005,0:00:37,142,7.75
Qytcm2sTUW0,Mensagem anual da Governadora Wilma,"Feb 17, 2009",14,0.1871,0,,0:00:48,112,10.71
RMyFqnJOkZ0,"Automóvel capota durante passeio por dunas de Búzios, no litoral do RN","Jan 3, 2022",14,0.0655,0,,0:00:16,97,7.22
RjFsF5EIpy0,Incêndio em Mãe Luiza,"Dec 3, 2019",14,0.0389,0,,0:00:09,122,4.1
TFrazdahKQA,[TV TRIBUNA] Flamengo desembarca em Natal,"Sep 29, 2014",14,0.2031,0,,0:00:52,129,6.98
Tvl0s-eHk_U,"Mesmo com frota integral, população enfrenta superlotação em ônibus","Mar 31, 2023",14,0.1309,0,0.001,0:00:33,92,11.96
ekbN9f_QXG8,"Operação Verão 2023 terá reforço de 1.500 agentes de segurança no RN, diz SESED","Dec 29, 2023",14,0.1555,0,0.014,0:00:39,434,0.92
gv4fG_Z6oWI,Obra do DER deixa trânsito lento na Ponte Newton Navarro; veja,"Dec 7, 2023",14,0.1009,0,0.004,0:00:25,57,5.26
mG5W0LV9xy4,Preso é morto após tentativa de fuga em Alcaçuz,"Oct 3, 2012",14,0.0811,0,,0:00:20,279,4.66
xVEJrMYV-zY,[TV TRIBUNA] Saiba como fazer bolo preto pé de moleque,"Jun 18, 2015",14,0.3777,0,,0:01:37,66,9.09
yWORWgY5Bqk,Polícia Civil divulga imagens de suspeitos por roubo de carros em Natal,"Nov 14, 2023",14,0.1714,0,,0:00:44,59,5.08
0e6_jOqpwd0,Wilma e Fátima trocam farpas e começam a dar o tom da disputa,"May 28, 2014",13,0.3558,0,,0:01:38,66,18.18
3hHdR0CQk3I,Bora Veranear 2023 l EP1 | Tradição e inovação no turismo da Capital,"Jan 9, 2023",13,0.651,0,0.078,0:03:00,71,12.68
3zSs0CcIYbk,Hilkelia: um pássaro lírico cantando rock,"Nov 13, 2012",13,0.1787,0,,0:00:49,24,4.17
AhppKDA66lQ,Vídeos mostram alagamentos em Natal,"May 13, 2021",13,0.0702,0,0.014,0:00:19,113,10.62
G-lLyUZYvR4,DROPS TN – 2ª Ed. | Natal em Natal: Alceu Valença e Juliana Linhares são atrações desta sexta (29),"Dec 29, 2023",13,0.2179,1,,0:01:00,727,1.38
I0NvFZKo0i8,Por que fazer cursos técnicos,"Jan 18, 2024",13,0.0853,0,,0:00:23,638,0.63
SaILwpYicB8,[TV TRIBUNA] Agressão e ameaça de delegado a policial deu início a investigação,"Oct 22, 2018",13,0.3921,0,,0:01:48,63,6.35
V2TbWVnZK98,Protesto contra morte de Giovanne Gabriel; assista,"Jun 16, 2020",13,0.1765,0,,0:00:48,65,9.23
ZjO_qtRGe5I,Ensaio da Escola Malandros do Samba,"Feb 11, 2009",13,0.1743,0,,0:00:48,83,12.05
aBeDRszAfb0,Mulher trans é agredida em Natal enquanto trabalhava,"Dec 1, 2021",13,0.0476,0,,0:00:13,266,4.51
ggtZTSSp2Ms,Tiroteio em Las Vegas deixa dezenas de mortos e centenas de feridos,"Oct 2, 2017",13,0.1317,0,,0:00:36,57,12.28
iFi2VsZESu8,[TV TRIBUNA] Bandidos se entregam durante tentativa de assalto em Equador,"Jun 2, 2016",13,0.147,0,,0:00:40,427,3.04
lvKBJCoiD_o,[TV TRIBUNA] Loira suspeita de liderar quadrilha de assaltantes e presa,"Apr 18, 2013",13,0.0671,0,,0:00:18,122,8.2
mZgGcuLY18k,João Batista fala sobre morte do irmão em São Gonçalo do Amarante,"Oct 22, 2012",13,0.1081,0,,0:00:29,114,7.02
oaepZzV0qkQ,Hemonorte lança campanha de doação de sangue para o carnaval,"Jan 29, 2024",13,0.1546,0,,0:00:42,545,0.55
sn3H2Cl46Fw,[TV TRIBUNA] Eleições 2014: Henrique Alves está confiante na vitória,"Oct 26, 2014",13,0.2123,0,,0:00:58,76,17.11
u6kAxWI2cKc,Marcos Lopes recebe Hélio Câmara,"Nov 14, 2008",13,0.1126,0,,0:00:31,105,9.52
xTE9gXH-tVc,"Em evento oficial, ministro do Turismo canta e toca sanfona em Natal","May 24, 2021",13,0.1749,1,0.037,0:00:48,174,5.75
7QtT1lr9CiQ,Jovem é vítima do despreparo na assistência às pessoas com Transtorno do Espectro Autista (TEA),"Feb 16, 2023",12,0.0805,0,0.015,0:00:24,105,10.48
BJ6LaZxRlbI,Polícia divulga imagens de câmeras de segurança e procura suspeitos por roubo de carro em Candelária,"Sep 16, 2020",12,0.0943,0,,0:00:28,102,9.8
HLSZNumQX6o,Homem ateia fogo em mendigo na Avenida Nove; veja vídeos,"Dec 21, 2010",12,0.1304,0,,0:00:39,54,3.7
Hp1RhVPDxJ8,Jogadora potiguar é convocada para Copa do Mundo Feminina,"Jul 1, 2023",12,0.349,0,,0:01:44,248,3.23
JJ2oViLESrQ,Populares mostram rodovia em Nova Cruz coberta por água de açude que transbordou,"Jul 8, 2022",12,0.0725,0,,0:00:21,45,11.11
R68FfjzXSBk,Entrega de condomínio Village de Prata teve tumulto e confronto entre população e policiais,"May 14, 2021",12,0.0791,0,,0:00:23,87,12.64
TaaM_9m0uBc,[TV Tribuna] Jair Bolsonaro é recebido no Aeroporto Aluízio Alves,"Jun 8, 2017",12,0.0837,0,0.003,0:00:25,70,12.86
V4COcJDi9rk,RN vai atuar no mercado de produção de vinhos,"May 21, 2023",12,0.2737,0,0.007,0:01:22,39,15.38
XcGQcKYYz2w,Rebelião em Alcaçuz; veja vídeo,"Sep 15, 2011",12,0.2695,0,,0:01:20,258,3.88
a1itJN2A1ig,Tiroteio entre PM e bandidos termina com um morto no Mosquito,"Sep 10, 2018",12,0.0633,0,,0:00:18,88,10.23
jC-jhpqcs0Q,"[TV TRIBUNA] Joca Costa, coração do tamanho da música","Dec 28, 2015",12,0.2678,0,0.127,0:01:20,21,38.1
kRg_jg4T1ZI,ABC vence Baraúnas; veja gols,"Mar 1, 2012",12,0.0812,0,,0:00:24,150,8
pGZ0INgCcPA,"Touros e São Miguel do Gostoso: história, aventura e boa gastronomia","Jan 10, 2019",12,0.985,0,,0:04:55,141,4.96
xjMDoawTQNE,[TV TRIBUNA] Filho de Eduardo Campos fala sobre Wilma de Faria,"Jun 16, 2017",12,0.0945,0,0.018,0:00:28,140,7.86
2oteK2QPnlA,Fotógrafo relata acidente na avenida Tomaz Landim,"Dec 18, 2012",11,0.152,0,,0:00:49,52,13.46
3VsyfuBaprU,Advogado fala sobre absolvição de Jorge Abafador,"Mar 13, 2012",11,0.1997,0,,0:01:05,38,15.79
61Qqk_jC-do,Comerciante fala sobre a situação no Beco da Lama,"Feb 16, 2012",11,0.1964,0,,0:01:04,10,30
74Lqwz5CwFo,Subtenente recebe homenagem da família em seu último dia de trabalho,"Apr 24, 2021",11,0.2774,0,0.001,0:01:30,44,18.18
9-bp13ryLRM,Bora Veranear 2023 | EP2 | Um norte para o turismo empreendedor,"Jan 13, 2023",11,0.4497,0,,0:02:27,49,8.16
CBKvQ7QEO1I,"PSB sai menor das urnas, o desafio de Wilma de Faria","Oct 29, 2014",11,0.1871,0,,0:01:01,129,8.53
DctS3Uu247E,Natal amanhece com alagamentos em diversos pontos,"Nov 28, 2023",11,0.1406,0,0.027,0:00:46,154,3.9
EQXlRJsgPRo,Riacho da Cruz tem açude sangrando,"Mar 8, 2020",11,0.0444,1,,0:00:14,71,8.45
G7aVQXwtXbQ,[TV TRIBUNA] Humoristas homenageiam Espanta,"Nov 24, 2016",11,0.1057,0,0.011,0:00:34,479,1.04
LrSlA4HS91E,TV TRIBUNA] América vence Ji-Paraná; veja gol,"Apr 26, 2013",11,0.0878,0,,0:00:28,188,5.32
MJEwjjka6QY,A entrada da DEICOR no cativeiro,"Jul 25, 2012",11,0.0978,0,,0:00:32,74,13.51
NOiMBSFSwGY,Vídeo mostra tentativa de suborno a policiais,"Oct 21, 2015",11,0.1333,0,,0:00:43,63,15.87
OnEJowkCHbs,[TV Tribuna] Vídeo mostra tiroteio durante assalto a banco no RN,"Jun 17, 2016",11,0.121,0,,0:00:39,93,8.6
P1XMVebPhd8,Mulher do jardineiro é transferida de Parnamirim,"May 24, 2012",11,0.3957,0,,0:02:09,64,15.63
bSwMlXok97Y,[TV TRIBUNA] Protesto teve atos de vandalismo e confrontos entre PM e manifestantes,"Jul 20, 2013",11,0.1481,0,,0:00:48,113,9.73
cV7T10u-UhU,Alcymar Monteiro critica músicos durante show em Pernambuco,"Aug 10, 2022",11,0.1573,0,,0:00:51,21,19.05
ewzH8D_xLzw,[TV TRIBUNA] Sósia de Roberto Carlos faz música para Tite,"Oct 6, 2016",11,0.1285,0,0.019,0:00:42,45,13.33
hO6TNapYHyo,DROPS TN | Governo do RN anuncia calendário para pagamento do 13°; veja datas,"Dec 4, 2023",11,0.135,0,,0:00:44,61,8.2
oVmHmrw1XD4,"População se despede de Paulinho, prefeito de São Gonçalo do Amarante","May 9, 2022",11,0.1567,0,,0:00:51,170,5.29
ot-UIH4rXEY,[TV Tribuna] Traficante nega que seja líder de facção,"Jul 31, 2016",11,0.1579,0,,0:00:51,85,12.94
qSNQqBDwcC0,Segundo gol do América contra o ABC,"Nov 24, 2012",11,0.0453,0,,0:00:14,96,11.46
uI-iltK1-6g,"[TV Tribuna] Imagens mostram ""surgimento"" da Arena das Dunas","Apr 16, 2013",11,0.2216,0,,0:01:12,93,7.53
vwyajBH-9lQ,Primeiro cativeiro em Parnamirim,"Jul 25, 2012",11,0.0736,0,,0:00:24,4,0
yDxB-SHkrNs,Jornalista é atacado no Catar após bandeira de Pernambuco ser confundida com símbolo LGBT+,"Nov 22, 2022",11,0.0497,0,,0:00:16,161,4.97
z9EYX-wqI7Y,"O ""Pecado Capital"" e o silencio do deputado Gilson Moura","Sep 16, 2011",11,0.2436,0,,0:01:19,121,8.26
-5UZqV4Ae88,"Previsão é de mais chuvas para regiões do Rio Grande do Norte, diz Emparn","Mar 27, 2023",10,0.1933,0,0.017,0:01:09,106,6.6
1qqVq9nqSw8,[TV TRIBUNA] Comerciante é morto por criminoso na zona Oeste de Natal,"Apr 14, 2015",10,0.1059,0,,0:00:38,131,6.11
3K_5OuJsKSQ,[TV TRIBUNA] Rei e rainha do carnaval de Natal vis,"Feb 14, 2015",10,0.1038,0,,0:00:37,42,16.67
5Vqe4jwDaCg,"Momentos antes do fechamento dos portões, local de provas do Enem teve correria","Nov 21, 2021",10,0.0406,0,,0:00:14,67,13.43
91zTaFO310o,Visita técnica ao novo presídio Rogério Coutinho Madruga em Nísia Floresta/RN,"Oct 14, 2011",10,0.0947,0,,0:00:34,24,29.17
Cb53HvIdoSE,Simulação do Bope com explosões de  diferentes quantidades de dinamite,"Nov 1, 2012",10,0.1393,0,,0:00:50,59,11.86
DwytsEqY8Bk,"Hospital Infantil Varela Santiago lança campanha ""Abra seu coração""","Oct 11, 2019",10,0.1867,0,0.004,0:01:07,6,16.67
NyOwtAe58T8,[TV TRIBUNA] Motorista provoca acidente e arrasta moto em Natal,"Sep 8, 2016",10,0.1277,0,,0:00:45,78,11.54
NycvfXnnHS0,Assaltante dispara em direção a motorista de aplicativo durante tentativa de assalto em Natal,"Mar 7, 2023",10,0.0751,0,0.024,0:00:27,123,6.5
PVxhdx8mkz8,"[TV TRIBUNA] Mágico Rian, sem truques na manga","Jan 30, 2014",10,0.4025,0,0.002,0:02:24,92,8.7
Qd1jOOmz_CU,"O melhor das festas juninas do RN é na ""Na Trilha do Forró 2023""","May 26, 2023",10,0.1032,0,,0:00:37,114,4.39
QhntR-8yq-s,[TV TRIBUNA] Prefeitura divulga projeto de recuperação da orla de Natal,"May 27, 2013",10,0.1452,0,,0:00:52,62,4.84
Rwr83iczM4c,Jovem denuncia episódio de LGBTfobia em shopping de Natal,"Dec 3, 2021",10,0.1247,0,0,0:00:44,81,4.94
SFjzkNkHsi0,Criminosos encapuzados fazem reféns durante roubos a loja e lotérica em Pendências,"Oct 24, 2023",10,0.204,0,,0:01:13,45,4.44
ULrnwN-PVnE,INSIDE NEWS l Natal em Natal 2023 anima a cidade com a banda Cavaleiros do Forró em seu primeiro dia,"Dec 22, 2023",10,0.2156,0,,0:01:17,203,2.96
VOLLoOIUn8Q,Entrevista com Guaraci Gabriel,"May 31, 2011",10,0.1897,0,,0:01:08,9,22.22
WRWNJrG9d6o,Jornada Senac l Conheça os cursos técnicos na área da Saúde,"Sep 23, 2022",10,0.1786,0,0.043,0:01:04,42,14.29
alMRzxMjVeM,[TV TRIBUNA] Polícia fala sobre assassinato de PM em Parnamirim,"Dec 26, 2016",10,0.0943,0,0.004,0:00:33,139,6.47
bvft7pcb6SQ,[TV TRIBUNA] ABC empata com o Corintians de Caicó no Frasqueirão,"Feb 14, 2015",10,0.1127,0,,0:00:40,79,10.13
ezbMnFznses,[TV TRIBUNA] Adriano Rabelo vence a segunda etapa do Mercedes Challenge,"Apr 17, 2015",10,0.4608,0,,0:02:45,19,10.53
iFyvqHwm7LY,Diretor de hospital em Natal e pai de paciente trocam agressões em ala pediátrica,"May 8, 2022",10,0.0749,0,,0:00:26,63,7.94
idhvzyR5sv4,"[TV TRIBUNA] Conheça o Quantum Fly, primeiro smartphone deca-core do Brasil","Sep 4, 2016",10,0.0281,0,0,0:00:10,70,14.29
lXWEVARrR7c,[TV TRIBUNA] Eleições 2014: Robinson Faria vota em Natal,"Oct 26, 2014",10,0.1068,0,,0:00:38,85,10.59
nRUxLPE7Dwc,[TV TRIBUNA] #BoraVeranear | Episódio 9 | Bloco das virgens no carnaval de Pirangi,"Feb 13, 2018",10,0.2787,0,0.019,0:01:40,55,7.27
psV5KeyunQc,Vídeo comemorativo da vitória do América no Campeonato Estadual 2012,"May 7, 2012",10,0.2806,0,,0:01:41,57,17.54
tJ2be1o5XIk,[TV TRIBUNA] Seu Dedé: A comédia potiguar continua,"Nov 24, 2016",10,0.2028,0,0.033,0:01:12,34,8.82
xgYL2qPhSGM,[TV TRIBUNA] Delegado fala sobre depoimento do funcionário da CBTU sobre acidente com ônibus,"Jul 15, 2013",10,2.7769,0,,0:16:39,81,11.11
2rRk6-k1tVM,Teaser: A Tradicional Família Brasileira - KATU,"Apr 18, 2019",9,0.1,0,,0:00:40,59,11.86
9zkOvijzaXE,Histórias de um detetive particular,"Jan 23, 2022",9,0.4161,0,0.011,0:02:46,136,3.68
BOzISFi8m24,Assaltantes fazem reféns em ponto comercial de Parnamirim,"Dec 7, 2012",9,0.1599,0,,0:01:03,89,10.11
Bb9PnSGplmU,"[TV TRIBUNA] Por telefone, preso faz denúncias e ameaças. Ouça o áudio!","Jan 16, 2017",9,0.1129,0,,0:00:45,81,11.11
BwOXvd4slzM,Casal que viaja o mundo em motorhome chega ao RN,"Aug 1, 2021",9,0.0591,0,,0:00:23,119,5.04
ER2NVM491O8,[TV TRIBUNA] Políticos e autoridades falam sobre Wilma de Faria,"Jun 16, 2017",9,0.3781,0,0.007,0:02:31,109,7.34
HfaUpjSqQ1c,Tentativa de fuga no Complexo Penal João Chaves,"May 11, 2011",9,0.0521,0,,0:00:20,170,5.29
KgXTWTMUgCw,"Grupo teve confronto com Polícia Militar durante inauguração do Village de Prata, no Planalto","May 14, 2021",9,0.1225,0,,0:00:49,66,13.64
MHK_TQEsvpU,Avó relata drama da família do menino que se engasgou com caroço de pitomba,"Feb 21, 2011",9,0.1105,0,,0:00:44,51,5.88
MN1lX3l-_Ec,Redemoinho derruba telhado de posto da região Seridó do RN; veja vídeo,"Dec 13, 2023",9,0.0905,0,0.003,0:00:36,69,4.35
N3hL4KHE_tw,"Brasil x Holanda, segundo Marinho Chagas","Jul 2, 2010",9,0.2192,0,,0:01:27,45,11.11
OF16VVMJmbc,Idosos em situação de rua preocupa o poder público,"Nov 26, 2023",9,0.1663,1,,0:01:06,50,8
POdzLMVTF0M,Vídeo mostra tentativa de assalto na zona Leste de Natal; veja,"Jun 27, 2023",9,0.0257,0,,0:00:10,145,2.07
U0Uv8aVo60k,"Axé para pensar, cantar e dançar; confira entrevista exclusiva com Daniela Mercury","Dec 2, 2022",9,0.0436,0,,0:00:17,118,6.78
aTk38yu1Zmw,Reservatórios começam a sangrar no interior; veja vídeo,"Mar 19, 2023",9,0.0948,0,0.005,0:00:37,41,4.88
bNcukhgQnM8,Vídeo mostra momento em que bandidos ateiam fogo em supermercado de Natal; veja,"Mar 14, 2023",9,0.0706,0,0,0:00:28,87,8.05
dJO9HGbth8s,Jornada Senac l Conheça os cursos de Gestão & Negócios,"Oct 2, 2022",9,0.1705,0,0.037,0:01:08,19,21.05
dVrVM8GQBiU,"[TV TRIBUNA] mulheres dançam em cima de carro na BR-101, em Parnamirim","Dec 28, 2015",9,0.063,0,0,0:00:25,46,0
eCgus7gP10o,NA TRILHA DO FORRÓ | Episódio 4 | É hora do “balancê” na capital,"Jun 22, 2023",9,0.1035,0,,0:00:41,23,13.04
h6SSxp0L5E8,[TV TRIBUNA] Deicor procura casal de traficantes,,9,0.306,0,,0:02:02,0,
heEprQpfo4U,[TV TRIBUNA] GOE faz nova revista em pavilhões de Alcaçuz; assista,"Feb 2, 2017",9,0.1445,1,,0:00:57,207,2.42
jpSlX_lhv3c,Os frutos da terra seca - Jiem: Agrícola Após perdas expectativa é crescer 20%,"Dec 30, 2016",9,0.1589,0,0.02,0:01:03,56,14.29
kE1eDvmC4_o,"[TV TRIBUNA] João Vale é ""Apareceu a Margarida""","Sep 8, 2016",9,0.2019,0,0.019,0:01:20,17,17.65
kXdrsKfKPWw,Presos são transferidos para o Pavilhão 5 de Alcaçuz,"Oct 23, 2012",9,0.0801,0,,0:00:32,240,2.92
kjV5Xk65Srg,Turismo cultural   Passeio pelo centro histórico de Natal,"Feb 13, 2012",9,0.1602,0,,0:01:04,14,14.29
m8AKU2aW2V4,[TV TRIBUNA] Nova pirâmide alimentar do brasileiro,"Jul 19, 2013",9,0.3825,0,,0:02:32,80,2.5
pOPs-ieurDk,INSIDE NEWS l Padre Fábio de Melo realiza show em celebração à fé no Natal em Natal 2023,"Dec 26, 2023",9,0.2634,0,0.005,0:01:45,126,2.38
rnxW1j7jUWA,[TV TRIBUNA] Deslizamento em Mãe Luiza; dois anos depois da tragéida,"Jun 13, 2016",9,0.3921,0,0.014,0:02:36,50,10
tQ66_1mCbi4,Marluce Eugênio fala sobre duplo homicídio em Nova Parnamirim,"May 16, 2012",9,0.1482,0,,0:00:59,124,5.65
ub5SwifXges,MP deflagra Operação Mensalão da Vila,"Dec 19, 2011",9,0.5654,0,,0:03:46,29,24.14
yuiuDKYVckY,[TV TRIBUNA] Câmera de segurança flagra assalto em Potilândia,"Feb 16, 2017",9,0.0503,0,,0:00:20,153,4.58
yzAUdg37gSg,[TV TRIBUNA] Árvore do Mirassol é inaugurada oficialmente,"Nov 10, 2015",9,0.1607,0,,0:01:04,43,13.95
 -gmCQ452QFM,Grupo protesta contra aumento de passagem de ônibus e bloqueia BR-101; veja,"Nov 17, 2023",8,0.0177,0,,0:00:07,53,7.55
0DKIquS9m9k,Vídeo de Gabriel Veron em balada revolta parte da torcida do Palmeiras,"Jul 13, 2022",8,0.0364,0,,0:00:16,81,4.94
0zm7mw8Vw4A,Escola em Parnamirim fica destruída após ação de vândalos,"Jul 16, 2016",8,0.0398,0,0.012,0:00:17,43,16.28
4nsJp-dPapk,"Após alvará, empresa inicia demolição do Hotel Reis Magos","Jan 8, 2020",8,0.0647,0,0.007,0:00:29,29,10.34
63qitaPMKn8,[ TV TRIBUNA] Manifestantes fecham ponte e cobram investigação no caso Yasmin,"Apr 17, 2018",8,0.142,0,,0:01:03,60,11.67
6IV9lFojfHg,Edifício Olhar da Dunas - Um novo olhar sobre Lagoa Nova,"Mar 12, 2021",8,0.0618,0,0.011,0:00:27,26,15.38
72UqsnoOAco,Vídeo mostra festa e aglomeração na orla de Ponta Negra,"Jul 20, 2020",8,0.0366,0,,0:00:16,81,6.17
7PlfHLVsgSE,O som que acalma: a musicoterapia na UTI Neonatal da Maternidade Escola Januário Cicco (MEJC),"Jan 19, 2020",8,0.0478,1,,0:00:21,77,6.49
7yN8aYTbAHk,Confira as dicas para uma melhor segurança no trânsito,"Jul 24, 2021",8,0.0697,0,0.017,0:00:31,79,8.86
9R32d1Pg8Hw,Helicóptero auxilia na prevenção de ataques criminosos em Natal,"Mar 21, 2023",8,0.0491,0,0.004,0:00:22,91,7.69
9v32pAkjS1A,"Após novos ataques, ônibus param de circular em Natal e região Metropolitana","Mar 16, 2023",8,0.0408,0,0.003,0:00:18,91,8.79
CW49gMFrDeQ,PRF apreende 57 quilos de maconha durante fiscalização em ônibus na BR 101,"Oct 26, 2015",8,0.0495,0,,0:00:22,101,7.92
DJz46ykoKBQ,[TV TRIBUNA] ABC goleia o Corintians de Caicó por 6 x 1 no Frasqueirão,"Mar 14, 2013",8,0.1536,0,,0:01:09,54,11.11
HgK9HfhfUTw,[TV TRIBUNA] Ônibus são incendiados no terminal do Vale Dourado,"Jan 19, 2017",8,0.0354,0,,0:00:15,27,11.11
IziDn0JhQL4,TN no Enem 2022  | Em curso com a UnP | Conheça o curso de Fisioterapia,"Oct 14, 2022",8,0.1996,0,0.026,0:01:29,53,15.09
LbNL26Na64k,"DROPS TN - 2ª Ed. | Natal é um dos destinos mais procurados para comemorar Réveillon, diz pesquisa","Dec 21, 2023",8,0.1783,0,0.047,0:01:20,80,6.25
Nqhkb6jGsKg,Fernando Pinto - Presidente da Unimed Natal sobre novo complexo hospitalar e desafios da operadora,"Aug 22, 2021",8,0.0863,0,0.019,0:00:38,14,0
PiTOCv16lho,Tiroteio nas Rocas,"Apr 14, 2009",8,0.0301,0,,0:00:13,27,14.81
RdNBACsskVY,[TV TRIBUNA] Caminhão abre e 32 toneladas de peixe caem em avenida,"Nov 19, 2014",8,0.0752,0,,0:00:33,90,8.89
Rye_sFUXfKw,Polícia prende 30 integrantes de facção criminosa que atua no RN,"Mar 17, 2023",8,0.0928,0,0.033,0:00:41,74,9.46
Xc77T3Ru4WM,[TV TRIBUNA] Especialistas da LIGA falam sobre possibilidades de tratar o câncer de mama,"May 17, 2013",8,0.0268,0,,0:00:12,153,3.92
dNo1TzAgL7U,"Mãe de Maria Luiza, assassinada em 2009","Mar 25, 2011",8,0.0444,0,,0:00:19,215,2.79
epLN05SUt5k,Bloco Baiacu na Vara.wmv,"Feb 17, 2010",8,0.0665,0,,0:00:29,28,3.57
han6ctUTLhU,[TV TRIBUNA] STTU intensifica fiscalização de trânsito através de câmeras de vídeo,"Sep 11, 2017",8,0.1038,0,0.017,0:00:46,81,8.64
jpyBuMYuVfk,Um novo olhar sobre os Mercados Públicos de Natal,"May 12, 2019",8,0.3951,0,0.007,0:02:57,41,9.76
kqfBFo3Wfu8,"Nos corredores, consumidores procuram às saídas de emergência para evacuar shopping","Apr 29, 2019",8,0.0195,0,0,0:00:08,36,16.67
mHVc-LR8tME,[TV TRIBUNA] Grávida relata caos em delegacia de Macau,"Mar 11, 2014",8,0.0893,0,,0:00:40,42,11.9
r4xcymxN9rE,[TV TRIBUNA] Vídeos registram assaltos em áreas nobres de Natal,"Jan 31, 2018",8,0.0481,0,0,0:00:21,165,4.85
rQit86WgV5E,Motociclistas começam manifestação em Natal,"Sep 7, 2021",8,0.0403,1,0.002,0:00:18,47,17.02
th5z_NKLoNg,Caso F.Gomes: promotor afirma que provas são convincentes,"May 3, 2011",8,0.1112,0,,0:00:50,56,10.71
v6gv3IKfVNE,Bora Veranear 2021| Identidade Potiguar | Os encantos da cultura popular de São Gonçalo do Amarante,"Feb 13, 2021",8,0.6985,0,,0:05:14,29,10.34
vC6dZaSlZu0,Vereador de Vila Flor volta a receber proteção policial,"Mar 6, 2012",8,0.2348,0,,0:01:45,78,8.97
wGy27E9L4IM,[TV TRIBUNA] Surfista mirim chama atenção nas praias do RN,"Mar 20, 2014",8,0.0559,0,,0:00:25,58,8.62
xA3PG8NG4s4,Cruzamento da Ayrton Senna com Avenida das Alagoas será liberado em até cinco dias,"Jul 6, 2022",8,0.0674,0,0.046,0:00:30,71,4.23
 -Wqqk4xBLJk,TIRANDO A LIMPO | EP 08: Entrevista com Alex Medeiros,"Aug 3, 2023",7,0.1142,0,0.019,0:00:58,133,1.5
0wugVwMGltw,Carlos Eduardo diz que acredita em Vitória de Lula e Fátima no primeiro turno,"Oct 2, 2022",7,0.0727,0,0.037,0:00:37,70,10
1YkhZs9pLjw,Neópolis festeja o dia de sua padroeira,"Oct 12, 2010",7,0.0497,1,,0:00:25,11,63.64
38wTWbNSYP0,Na Trilha do Forró 2022 | Noite de arte e emoção no Mossoró Cidade Junina,"Jun 28, 2022",7,0.052,0,,0:00:26,13,7.69
4rhXp6jbN1s,Gols do Alecrim X Santa Cruz,"Feb 27, 2011",7,0.0521,0,,0:00:26,25,12
6RM8BI0_014,EXPOFRUIT 2023: Exportação de frutas do RN deve crescer até 15% na safra 2023/24,"Aug 28, 2023",7,0.1412,0,,0:01:12,53,9.43
7qjbm9fdMr4,Bloco os Cão,"Feb 24, 2009",7,0.1078,0,,0:00:55,44,11.36
9_lLcdvIIDY,"Tarifa de ônibus de Natal será de R$ 4,50 a partir de segunda feira","Nov 9, 2023",7,0.1033,0,0.21,0:00:53,19,5.26
AM1gIVSAnws,[TV TRIBUNA] Detento faz música com ameaças a juiz e diretora de presídio,"Mar 26, 2015",7,0.1453,0,,0:01:14,32,15.63
E1UPdabPV5I,Bora 2022 | Desbravando os Cânios dos Apertados e a Mina Brejuí em Currais Novos,"Feb 15, 2022",7,0.2034,0,,0:01:44,107,3.74
G6mMZFCW8Kg,[TV TRIBUNA] PRF flagra menino de 9 anos dirigindo carreta,"Feb 2, 2018",7,0.0444,0,0,0:00:22,18,11.11
GqXQpH6ojJo,Vídeo mostra confusão entre vizinhos de condomínio que teria resultado em tiros; veja imagens,"May 10, 2023",7,0.0711,0,,0:00:36,73,6.85
HQpiLfqopCQ,[TV TRIBUNA] Torcedores se revoltam e agridem cambista na Arena das Dunas,"Sep 24, 2014",7,0.0344,0,,0:00:17,33,18.18
M6DOCIGhxzY,Projeto do primeiro buggy elétrico do RN é apresentado,"Sep 10, 2021",7,0.0784,0,0.01,0:00:40,56,3.57
MEdG2qko9Ic,Vídeo mostra veículo sendo guinchado após capotamento nas dunas,"Sep 28, 2020",7,0.0728,0,,0:00:37,44,11.36
Nls8e4ZKSSk,"Home Center Ferreira Costa abre, em meados de outubro, loja em Natal","Sep 12, 2021",7,0.0753,0,0.001,0:00:38,33,9.09
QH1S_Y9Gi1o,Abatimento do boi no matadouro de Ceará Mirim,"Sep 24, 2011",7,0.1258,0,,0:01:04,76,7.89
VDNJSzUmRbw,Quadrilha explode agência bancária no interior do RN,"May 2, 2022",7,0.1158,0,,0:00:59,87,8.05
