Data,Conteúdo,Título do vídeo,Horário de publicação do vídeo,Visualizações
2024-01-01,52k2W4YTqsM,Rio Grande do Norte tem seis redações nota mil no Enem 2023,"Jan 16, 2024",0
2024-01-02,52k2W4YTqsM,Rio Grande do Norte tem seis redações nota mil no Enem 2023,"Jan 16, 2024",0
2024-01-03,52k2W4YTqsM,Rio Grande do Norte tem seis redações nota mil no Enem 2023,"Jan 16, 2024",0
2024-01-04,52k2W4YTqsM,Rio Grande do Norte tem seis redações nota mil no Enem 2023,"Jan 16, 2024",0
2024-01-05,52k2W4YTqsM,Rio Grande do Norte tem seis redações nota mil no Enem 2023,"Jan 16, 2024",0
2024-01-06,52k2W4YTqsM,Rio Grande do Norte tem seis redações nota mil no Enem 2023,"Jan 16, 2024",0
2024-01-07,52k2W4YTqsM,Rio Grande do Norte tem seis redações nota mil no Enem 2023,"Jan 16, 2024",0
2024-01-08,52k2W4YTqsM,Rio Grande do Norte tem seis redações nota mil no Enem 2023,"Jan 16, 2024",0
2024-01-09,52k2W4YTqsM,Rio Grande do Norte tem seis redações nota mil no Enem 2023,"Jan 16, 2024",0
2024-01-10,52k2W4YTqsM,Rio Grande do Norte tem seis redações nota mil no Enem 2023,"Jan 16, 2024",0
2024-01-11,52k2W4YTqsM,Rio Grande do Norte tem seis redações nota mil no Enem 2023,"Jan 16, 2024",0
2024-01-12,52k2W4YTqsM,Rio Grande do Norte tem seis redações nota mil no Enem 2023,"Jan 16, 2024",0
2024-01-13,52k2W4YTqsM,Rio Grande do Norte tem seis redações nota mil no Enem 2023,"Jan 16, 2024",0
2024-01-14,52k2W4YTqsM,Rio Grande do Norte tem seis redações nota mil no Enem 2023,"Jan 16, 2024",0
2024-01-15,52k2W4YTqsM,Rio Grande do Norte tem seis redações nota mil no Enem 2023,"Jan 16, 2024",0
2024-01-16,52k2W4YTqsM,Rio Grande do Norte tem seis redações nota mil no Enem 2023,"Jan 16, 2024",21742
2024-01-17,52k2W4YTqsM,Rio Grande do Norte tem seis redações nota mil no Enem 2023,"Jan 16, 2024",175
2024-01-18,52k2W4YTqsM,Rio Grande do Norte tem seis redações nota mil no Enem 2023,"Jan 16, 2024",40
2024-01-19,52k2W4YTqsM,Rio Grande do Norte tem seis redações nota mil no Enem 2023,"Jan 16, 2024",18
2024-01-20,52k2W4YTqsM,Rio Grande do Norte tem seis redações nota mil no Enem 2023,"Jan 16, 2024",13
2024-01-21,52k2W4YTqsM,Rio Grande do Norte tem seis redações nota mil no Enem 2023,"Jan 16, 2024",7
2024-01-22,52k2W4YTqsM,Rio Grande do Norte tem seis redações nota mil no Enem 2023,"Jan 16, 2024",11
2024-01-23,52k2W4YTqsM,Rio Grande do Norte tem seis redações nota mil no Enem 2023,"Jan 16, 2024",14
2024-01-24,52k2W4YTqsM,Rio Grande do Norte tem seis redações nota mil no Enem 2023,"Jan 16, 2024",5
2024-01-25,52k2W4YTqsM,Rio Grande do Norte tem seis redações nota mil no Enem 2023,"Jan 16, 2024",0
2024-01-26,52k2W4YTqsM,Rio Grande do Norte tem seis redações nota mil no Enem 2023,"Jan 16, 2024",1
2024-01-27,52k2W4YTqsM,Rio Grande do Norte tem seis redações nota mil no Enem 2023,"Jan 16, 2024",1
2024-01-28,52k2W4YTqsM,Rio Grande do Norte tem seis redações nota mil no Enem 2023,"Jan 16, 2024",2
2024-01-29,52k2W4YTqsM,Rio Grande do Norte tem seis redações nota mil no Enem 2023,"Jan 16, 2024",0
2024-01-30,52k2W4YTqsM,Rio Grande do Norte tem seis redações nota mil no Enem 2023,"Jan 16, 2024",0
2024-01-31,52k2W4YTqsM,Rio Grande do Norte tem seis redações nota mil no Enem 2023,"Jan 16, 2024",2
2024-01-01,ViXvKjwHVwY,Cidade no interior do RN registra chuva de granizo,"Jan 30, 2024",0
2024-01-02,ViXvKjwHVwY,Cidade no interior do RN registra chuva de granizo,"Jan 30, 2024",0
2024-01-03,ViXvKjwHVwY,Cidade no interior do RN registra chuva de granizo,"Jan 30, 2024",0
2024-01-04,ViXvKjwHVwY,Cidade no interior do RN registra chuva de granizo,"Jan 30, 2024",0
2024-01-05,ViXvKjwHVwY,Cidade no interior do RN registra chuva de granizo,"Jan 30, 2024",0
2024-01-06,ViXvKjwHVwY,Cidade no interior do RN registra chuva de granizo,"Jan 30, 2024",0
2024-01-07,ViXvKjwHVwY,Cidade no interior do RN registra chuva de granizo,"Jan 30, 2024",0
2024-01-08,ViXvKjwHVwY,Cidade no interior do RN registra chuva de granizo,"Jan 30, 2024",0
2024-01-09,ViXvKjwHVwY,Cidade no interior do RN registra chuva de granizo,"Jan 30, 2024",0
2024-01-10,ViXvKjwHVwY,Cidade no interior do RN registra chuva de granizo,"Jan 30, 2024",0
2024-01-11,ViXvKjwHVwY,Cidade no interior do RN registra chuva de granizo,"Jan 30, 2024",0
2024-01-12,ViXvKjwHVwY,Cidade no interior do RN registra chuva de granizo,"Jan 30, 2024",0
2024-01-13,ViXvKjwHVwY,Cidade no interior do RN registra chuva de granizo,"Jan 30, 2024",0
2024-01-14,ViXvKjwHVwY,Cidade no interior do RN registra chuva de granizo,"Jan 30, 2024",0
2024-01-15,ViXvKjwHVwY,Cidade no interior do RN registra chuva de granizo,"Jan 30, 2024",0
2024-01-16,ViXvKjwHVwY,Cidade no interior do RN registra chuva de granizo,"Jan 30, 2024",0
2024-01-17,ViXvKjwHVwY,Cidade no interior do RN registra chuva de granizo,"Jan 30, 2024",0
2024-01-18,ViXvKjwHVwY,Cidade no interior do RN registra chuva de granizo,"Jan 30, 2024",0
2024-01-19,ViXvKjwHVwY,Cidade no interior do RN registra chuva de granizo,"Jan 30, 2024",0
2024-01-20,ViXvKjwHVwY,Cidade no interior do RN registra chuva de granizo,"Jan 30, 2024",0
2024-01-21,ViXvKjwHVwY,Cidade no interior do RN registra chuva de granizo,"Jan 30, 2024",0
2024-01-22,ViXvKjwHVwY,Cidade no interior do RN registra chuva de granizo,"Jan 30, 2024",0
2024-01-23,ViXvKjwHVwY,Cidade no interior do RN registra chuva de granizo,"Jan 30, 2024",0
2024-01-24,ViXvKjwHVwY,Cidade no interior do RN registra chuva de granizo,"Jan 30, 2024",0
2024-01-25,ViXvKjwHVwY,Cidade no interior do RN registra chuva de granizo,"Jan 30, 2024",0
2024-01-26,ViXvKjwHVwY,Cidade no interior do RN registra chuva de granizo,"Jan 30, 2024",0
2024-01-27,ViXvKjwHVwY,Cidade no interior do RN registra chuva de granizo,"Jan 30, 2024",0
2024-01-28,ViXvKjwHVwY,Cidade no interior do RN registra chuva de granizo,"Jan 30, 2024",0
2024-01-29,ViXvKjwHVwY,Cidade no interior do RN registra chuva de granizo,"Jan 30, 2024",0
2024-01-30,ViXvKjwHVwY,Cidade no interior do RN registra chuva de granizo,"Jan 30, 2024",7586
2024-01-31,ViXvKjwHVwY,Cidade no interior do RN registra chuva de granizo,"Jan 30, 2024",2031
2024-01-01,drADlID3ALI,Turista de Roraima que morreu ao cair de falésia em Pipa é identificada,"Jan 18, 2024",0
2024-01-02,drADlID3ALI,Turista de Roraima que morreu ao cair de falésia em Pipa é identificada,"Jan 18, 2024",0
2024-01-03,drADlID3ALI,Turista de Roraima que morreu ao cair de falésia em Pipa é identificada,"Jan 18, 2024",0
2024-01-04,drADlID3ALI,Turista de Roraima que morreu ao cair de falésia em Pipa é identificada,"Jan 18, 2024",0
2024-01-05,drADlID3ALI,Turista de Roraima que morreu ao cair de falésia em Pipa é identificada,"Jan 18, 2024",0
2024-01-06,drADlID3ALI,Turista de Roraima que morreu ao cair de falésia em Pipa é identificada,"Jan 18, 2024",0
2024-01-07,drADlID3ALI,Turista de Roraima que morreu ao cair de falésia em Pipa é identificada,"Jan 18, 2024",0
2024-01-08,drADlID3ALI,Turista de Roraima que morreu ao cair de falésia em Pipa é identificada,"Jan 18, 2024",0
2024-01-09,drADlID3ALI,Turista de Roraima que morreu ao cair de falésia em Pipa é identificada,"Jan 18, 2024",0
2024-01-10,drADlID3ALI,Turista de Roraima que morreu ao cair de falésia em Pipa é identificada,"Jan 18, 2024",0
2024-01-11,drADlID3ALI,Turista de Roraima que morreu ao cair de falésia em Pipa é identificada,"Jan 18, 2024",0
2024-01-12,drADlID3ALI,Turista de Roraima que morreu ao cair de falésia em Pipa é identificada,"Jan 18, 2024",0
2024-01-13,drADlID3ALI,Turista de Roraima que morreu ao cair de falésia em Pipa é identificada,"Jan 18, 2024",0
2024-01-14,drADlID3ALI,Turista de Roraima que morreu ao cair de falésia em Pipa é identificada,"Jan 18, 2024",0
2024-01-15,drADlID3ALI,Turista de Roraima que morreu ao cair de falésia em Pipa é identificada,"Jan 18, 2024",0
2024-01-16,drADlID3ALI,Turista de Roraima que morreu ao cair de falésia em Pipa é identificada,"Jan 18, 2024",0
2024-01-17,drADlID3ALI,Turista de Roraima que morreu ao cair de falésia em Pipa é identificada,"Jan 18, 2024",0
2024-01-18,drADlID3ALI,Turista de Roraima que morreu ao cair de falésia em Pipa é identificada,"Jan 18, 2024",6252
2024-01-19,drADlID3ALI,Turista de Roraima que morreu ao cair de falésia em Pipa é identificada,"Jan 18, 2024",76
2024-01-20,drADlID3ALI,Turista de Roraima que morreu ao cair de falésia em Pipa é identificada,"Jan 18, 2024",53
2024-01-21,drADlID3ALI,Turista de Roraima que morreu ao cair de falésia em Pipa é identificada,"Jan 18, 2024",36
2024-01-22,drADlID3ALI,Turista de Roraima que morreu ao cair de falésia em Pipa é identificada,"Jan 18, 2024",22
2024-01-23,drADlID3ALI,Turista de Roraima que morreu ao cair de falésia em Pipa é identificada,"Jan 18, 2024",34
2024-01-24,drADlID3ALI,Turista de Roraima que morreu ao cair de falésia em Pipa é identificada,"Jan 18, 2024",35
2024-01-25,drADlID3ALI,Turista de Roraima que morreu ao cair de falésia em Pipa é identificada,"Jan 18, 2024",19
2024-01-26,drADlID3ALI,Turista de Roraima que morreu ao cair de falésia em Pipa é identificada,"Jan 18, 2024",7
2024-01-27,drADlID3ALI,Turista de Roraima que morreu ao cair de falésia em Pipa é identificada,"Jan 18, 2024",1
2024-01-28,drADlID3ALI,Turista de Roraima que morreu ao cair de falésia em Pipa é identificada,"Jan 18, 2024",4
2024-01-29,drADlID3ALI,Turista de Roraima que morreu ao cair de falésia em Pipa é identificada,"Jan 18, 2024",6
2024-01-30,drADlID3ALI,Turista de Roraima que morreu ao cair de falésia em Pipa é identificada,"Jan 18, 2024",3
2024-01-31,drADlID3ALI,Turista de Roraima que morreu ao cair de falésia em Pipa é identificada,"Jan 18, 2024",5
2024-01-01,lsw6XtxNZRk,Sisu abre inscrições nesta segunda; universidades públicas do RN ofertam mais de 12 mil vagas,"Jan 22, 2024",0
2024-01-02,lsw6XtxNZRk,Sisu abre inscrições nesta segunda; universidades públicas do RN ofertam mais de 12 mil vagas,"Jan 22, 2024",0
2024-01-03,lsw6XtxNZRk,Sisu abre inscrições nesta segunda; universidades públicas do RN ofertam mais de 12 mil vagas,"Jan 22, 2024",0
2024-01-04,lsw6XtxNZRk,Sisu abre inscrições nesta segunda; universidades públicas do RN ofertam mais de 12 mil vagas,"Jan 22, 2024",0
2024-01-05,lsw6XtxNZRk,Sisu abre inscrições nesta segunda; universidades públicas do RN ofertam mais de 12 mil vagas,"Jan 22, 2024",0
2024-01-06,lsw6XtxNZRk,Sisu abre inscrições nesta segunda; universidades públicas do RN ofertam mais de 12 mil vagas,"Jan 22, 2024",0
2024-01-07,lsw6XtxNZRk,Sisu abre inscrições nesta segunda; universidades públicas do RN ofertam mais de 12 mil vagas,"Jan 22, 2024",0
2024-01-08,lsw6XtxNZRk,Sisu abre inscrições nesta segunda; universidades públicas do RN ofertam mais de 12 mil vagas,"Jan 22, 2024",0
2024-01-09,lsw6XtxNZRk,Sisu abre inscrições nesta segunda; universidades públicas do RN ofertam mais de 12 mil vagas,"Jan 22, 2024",0
2024-01-10,lsw6XtxNZRk,Sisu abre inscrições nesta segunda; universidades públicas do RN ofertam mais de 12 mil vagas,"Jan 22, 2024",0
2024-01-11,lsw6XtxNZRk,Sisu abre inscrições nesta segunda; universidades públicas do RN ofertam mais de 12 mil vagas,"Jan 22, 2024",0
2024-01-12,lsw6XtxNZRk,Sisu abre inscrições nesta segunda; universidades públicas do RN ofertam mais de 12 mil vagas,"Jan 22, 2024",0
2024-01-13,lsw6XtxNZRk,Sisu abre inscrições nesta segunda; universidades públicas do RN ofertam mais de 12 mil vagas,"Jan 22, 2024",0
2024-01-14,lsw6XtxNZRk,Sisu abre inscrições nesta segunda; universidades públicas do RN ofertam mais de 12 mil vagas,"Jan 22, 2024",0
2024-01-15,lsw6XtxNZRk,Sisu abre inscrições nesta segunda; universidades públicas do RN ofertam mais de 12 mil vagas,"Jan 22, 2024",0
2024-01-16,lsw6XtxNZRk,Sisu abre inscrições nesta segunda; universidades públicas do RN ofertam mais de 12 mil vagas,"Jan 22, 2024",0
2024-01-17,lsw6XtxNZRk,Sisu abre inscrições nesta segunda; universidades públicas do RN ofertam mais de 12 mil vagas,"Jan 22, 2024",0
2024-01-18,lsw6XtxNZRk,Sisu abre inscrições nesta segunda; universidades públicas do RN ofertam mais de 12 mil vagas,"Jan 22, 2024",0
2024-01-19,lsw6XtxNZRk,Sisu abre inscrições nesta segunda; universidades públicas do RN ofertam mais de 12 mil vagas,"Jan 22, 2024",0
2024-01-20,lsw6XtxNZRk,Sisu abre inscrições nesta segunda; universidades públicas do RN ofertam mais de 12 mil vagas,"Jan 22, 2024",0
2024-01-21,lsw6XtxNZRk,Sisu abre inscrições nesta segunda; universidades públicas do RN ofertam mais de 12 mil vagas,"Jan 22, 2024",0
2024-01-22,lsw6XtxNZRk,Sisu abre inscrições nesta segunda; universidades públicas do RN ofertam mais de 12 mil vagas,"Jan 22, 2024",8303
2024-01-23,lsw6XtxNZRk,Sisu abre inscrições nesta segunda; universidades públicas do RN ofertam mais de 12 mil vagas,"Jan 22, 2024",3548
2024-01-24,lsw6XtxNZRk,Sisu abre inscrições nesta segunda; universidades públicas do RN ofertam mais de 12 mil vagas,"Jan 22, 2024",49
2024-01-25,lsw6XtxNZRk,Sisu abre inscrições nesta segunda; universidades públicas do RN ofertam mais de 12 mil vagas,"Jan 22, 2024",3
2024-01-26,lsw6XtxNZRk,Sisu abre inscrições nesta segunda; universidades públicas do RN ofertam mais de 12 mil vagas,"Jan 22, 2024",1
2024-01-27,lsw6XtxNZRk,Sisu abre inscrições nesta segunda; universidades públicas do RN ofertam mais de 12 mil vagas,"Jan 22, 2024",0
2024-01-28,lsw6XtxNZRk,Sisu abre inscrições nesta segunda; universidades públicas do RN ofertam mais de 12 mil vagas,"Jan 22, 2024",0
2024-01-29,lsw6XtxNZRk,Sisu abre inscrições nesta segunda; universidades públicas do RN ofertam mais de 12 mil vagas,"Jan 22, 2024",0
2024-01-30,lsw6XtxNZRk,Sisu abre inscrições nesta segunda; universidades públicas do RN ofertam mais de 12 mil vagas,"Jan 22, 2024",0
2024-01-31,lsw6XtxNZRk,Sisu abre inscrições nesta segunda; universidades públicas do RN ofertam mais de 12 mil vagas,"Jan 22, 2024",1
2024-01-01,yZ00ZkG4cQU,Abatimento do boi no matadouro Potengy,"Sep 24, 2011",328
2024-01-02,yZ00ZkG4cQU,Abatimento do boi no matadouro Potengy,"Sep 24, 2011",351
2024-01-03,yZ00ZkG4cQU,Abatimento do boi no matadouro Potengy,"Sep 24, 2011",302
2024-01-04,yZ00ZkG4cQU,Abatimento do boi no matadouro Potengy,"Sep 24, 2011",280
2024-01-05,yZ00ZkG4cQU,Abatimento do boi no matadouro Potengy,"Sep 24, 2011",241
2024-01-06,yZ00ZkG4cQU,Abatimento do boi no matadouro Potengy,"Sep 24, 2011",283
2024-01-07,yZ00ZkG4cQU,Abatimento do boi no matadouro Potengy,"Sep 24, 2011",317
2024-01-08,yZ00ZkG4cQU,Abatimento do boi no matadouro Potengy,"Sep 24, 2011",220
2024-01-09,yZ00ZkG4cQU,Abatimento do boi no matadouro Potengy,"Sep 24, 2011",247
2024-01-10,yZ00ZkG4cQU,Abatimento do boi no matadouro Potengy,"Sep 24, 2011",363
2024-01-11,yZ00ZkG4cQU,Abatimento do boi no matadouro Potengy,"Sep 24, 2011",297
2024-01-12,yZ00ZkG4cQU,Abatimento do boi no matadouro Potengy,"Sep 24, 2011",257
2024-01-13,yZ00ZkG4cQU,Abatimento do boi no matadouro Potengy,"Sep 24, 2011",359
2024-01-14,yZ00ZkG4cQU,Abatimento do boi no matadouro Potengy,"Sep 24, 2011",311
2024-01-15,yZ00ZkG4cQU,Abatimento do boi no matadouro Potengy,"Sep 24, 2011",189
2024-01-16,yZ00ZkG4cQU,Abatimento do boi no matadouro Potengy,"Sep 24, 2011",263
2024-01-17,yZ00ZkG4cQU,Abatimento do boi no matadouro Potengy,"Sep 24, 2011",264
2024-01-18,yZ00ZkG4cQU,Abatimento do boi no matadouro Potengy,"Sep 24, 2011",332
2024-01-19,yZ00ZkG4cQU,Abatimento do boi no matadouro Potengy,"Sep 24, 2011",316
2024-01-20,yZ00ZkG4cQU,Abatimento do boi no matadouro Potengy,"Sep 24, 2011",355
2024-01-21,yZ00ZkG4cQU,Abatimento do boi no matadouro Potengy,"Sep 24, 2011",398
2024-01-22,yZ00ZkG4cQU,Abatimento do boi no matadouro Potengy,"Sep 24, 2011",347
2024-01-23,yZ00ZkG4cQU,Abatimento do boi no matadouro Potengy,"Sep 24, 2011",364
2024-01-24,yZ00ZkG4cQU,Abatimento do boi no matadouro Potengy,"Sep 24, 2011",340
2024-01-25,yZ00ZkG4cQU,Abatimento do boi no matadouro Potengy,"Sep 24, 2011",321
2024-01-26,yZ00ZkG4cQU,Abatimento do boi no matadouro Potengy,"Sep 24, 2011",255
2024-01-27,yZ00ZkG4cQU,Abatimento do boi no matadouro Potengy,"Sep 24, 2011",246
2024-01-28,yZ00ZkG4cQU,Abatimento do boi no matadouro Potengy,"Sep 24, 2011",285
2024-01-29,yZ00ZkG4cQU,Abatimento do boi no matadouro Potengy,"Sep 24, 2011",182
2024-01-30,yZ00ZkG4cQU,Abatimento do boi no matadouro Potengy,"Sep 24, 2011",146
2024-01-31,yZ00ZkG4cQU,Abatimento do boi no matadouro Potengy,"Sep 24, 2011",146
